event_id,load_id,trip_id,facility_type,scheduled_time,actual_time,detention_minutes,on_time
EVT-000001,LOAD-00001,TRIP-000001,receiver,2024-07-02 21:00:43.025223,2024-07-02 20:38:43.025223,6,Y
EVT-000002,LOAD-00002,TRIP-000002,receiver,2024-07-08 23:00:00.270849,2024-07-08 22:16:00.270849,9,Y
EVT-000003,LOAD-00003,TRIP-000003,receiver,2024-07-10 00:00:46.063057,2024-07-09 23:27:46.063057,9,Y
EVT-000004,LOAD-00004,TRIP-000004,receiver,2024-07-06 21:00:09.724952,2024-07-06 20:41:09.724952,13,Y
EVT-000005,LOAD-00005,TRIP-000005,receiver,2024-07-06 21:00:49.402016,2024-07-06 20:57:49.402016,11,Y
EVT-000006,LOAD-00006,TRIP-000006,receiver,2024-07-08 22:00:47.275056,2024-07-08 21:56:47.275056,9,Y
EVT-000007,LOAD-00007,TRIP-000007,receiver,2024-07-09 23:00:56.408030,2024-07-09 22:36:56.408030,15,Y
EVT-000008,LOAD-00008,TRIP-000008,receiver,2024-07-15 22:00:43.625075,2024-07-15 21:53:43.625075,6,Y
EVT-000009,LOAD-00009,TRIP-000009,receiver,2024-07-12 23:00:07.146315,2024-07-12 23:02:07.146315,6,Y
EVT-000010,LOAD-00010,TRIP-000010,receiver,2024-07-14 02:00:11.045097,2024-07-14 01:49:11.045097,7,Y
EVT-000011,LOAD-00011,TRIP-000011,receiver,2024-07-12 21:00:14.387293,2024-07-12 20:52:14.387293,12,Y
EVT-000012,LOAD-00012,TRIP-000012,receiver,2024-07-12 11:00:43.136436,2024-07-12 10:29:43.136436,12,Y
EVT-000013,LOAD-00013,TRIP-000013,receiver,2024-07-14 13:00:44.045721,2024-07-14 12:20:44.045721,0,Y
EVT-000014,LOAD-00014,TRIP-000014,receiver,2024-07-13 11:00:46.020332,2024-07-13 10:16:46.020332,11,Y
EVT-000015,LOAD-00015,TRIP-000015,receiver,2024-07-15 12:00:32.241166,2024-07-15 11:21:32.241166,11,Y
EVT-000016,LOAD-00016,TRIP-000016,receiver,2024-07-20 11:00:54.777968,2024-07-20 10:39:54.777968,6,Y
EVT-000017,LOAD-00017,TRIP-000017,receiver,2024-07-22 01:00:02.000615,2024-07-22 00:46:02.000615,3,Y
EVT-000018,LOAD-00018,TRIP-000018,receiver,2024-07-16 20:00:41.461162,2024-07-16 20:16:41.461162,12,Y
EVT-000019,LOAD-00019,TRIP-000019,receiver,2024-07-17 15:00:56.264957,2024-07-17 14:24:56.264957,15,Y
EVT-000020,LOAD-00020,TRIP-000020,receiver,2024-07-22 22:00:47.776233,2024-07-22 22:54:47.776233,62,N
EVT-000021,LOAD-00021,TRIP-000021,receiver,2024-07-18 22:00:11.698167,2024-07-18 22:13:11.698167,15,N
EVT-000022,LOAD-00022,TRIP-000022,receiver,2024-07-20 23:00:34.130382,2024-07-20 22:36:34.130382,10,Y
EVT-000023,LOAD-00023,TRIP-000023,receiver,2024-07-21 21:00:43.119215,2024-07-21 21:45:43.119215,49,N
EVT-000024,LOAD-00024,TRIP-000024,receiver,2024-07-24 00:00:51.606493,2024-07-23 23:54:51.606493,10,N
EVT-000025,LOAD-00025,TRIP-000025,receiver,2024-07-20 20:00:30.998622,2024-07-20 19:04:30.998622,3,N
EVT-000026,LOAD-00026,TRIP-000026,receiver,2024-07-29 22:00:51.611327,2024-07-29 21:47:51.611327,44,N
EVT-000027,LOAD-00027,TRIP-000027,receiver,2024-07-30 15:00:16.555577,2024-07-30 15:14:16.555577,9,Y
EVT-000028,LOAD-00028,TRIP-000028,receiver,2024-07-26 12:00:13.398662,2024-07-26 11:47:13.398662,9,Y
EVT-000029,LOAD-00029,TRIP-000029,receiver,2024-07-28 12:00:33.839146,2024-07-28 11:56:33.839146,6,Y
EVT-000030,LOAD-00030,TRIP-000030,receiver,2024-07-26 21:00:05.316404,2024-07-26 21:09:05.316404,14,Y
EVT-000031,LOAD-00031,TRIP-000031,receiver,2024-07-28 23:00:04.638194,2024-07-28 22:32:04.638194,1,Y
EVT-000032,LOAD-00032,TRIP-000032,receiver,2024-07-28 21:00:42.105791,2024-07-28 20:55:42.105791,4,Y
EVT-000033,LOAD-00033,TRIP-000033,receiver,2024-07-30 14:00:03.420530,2024-07-30 14:01:03.420530,13,Y
EVT-000034,LOAD-00034,TRIP-000034,receiver,2024-07-27 00:00:53.178691,2024-07-27 00:04:53.178691,2,Y
EVT-000035,LOAD-00035,TRIP-000035,receiver,2024-07-28 13:00:48.458022,2024-07-28 12:33:48.458022,5,Y
EVT-000036,LOAD-00036,TRIP-000036,receiver,2024-07-25 22:00:42.202551,2024-07-25 22:40:42.202551,43,N
EVT-000037,LOAD-00037,TRIP-000037,receiver,2024-07-26 15:00:09.304267,2024-07-26 14:59:09.304267,11,Y
EVT-000038,LOAD-00038,TRIP-000038,receiver,2024-08-02 22:00:43.227688,2024-08-02 21:50:43.227688,45,N
EVT-000039,LOAD-00039,TRIP-000039,receiver,2024-08-02 22:00:33.514967,2024-08-02 21:28:33.514967,3,Y
EVT-000040,LOAD-00040,TRIP-000040,receiver,2024-08-04 01:00:04.454194,2024-08-04 00:19:04.454194,12,Y
EVT-000041,LOAD-00041,TRIP-000041,receiver,2024-08-05 22:00:57.087363,2024-08-05 22:32:57.087363,20,Y
EVT-000042,LOAD-00042,TRIP-000042,receiver,2024-08-08 00:00:48.390847,2024-08-07 23:43:48.390847,14,Y
EVT-000043,LOAD-00043,TRIP-000043,receiver,2024-08-01 14:00:08.082500,2024-08-01 13:48:08.082500,16,Y
EVT-000044,LOAD-00044,TRIP-000044,receiver,2024-08-03 13:00:33.023059,2024-08-03 12:19:33.023059,3,Y
EVT-000045,LOAD-00045,TRIP-000045,receiver,2024-08-11 20:00:26.497701,2024-08-11 19:26:26.497701,8,N
EVT-000046,LOAD-00046,TRIP-000046,receiver,2024-08-13 01:00:35.855557,2024-08-13 00:23:35.855557,5,Y
EVT-000047,LOAD-00047,TRIP-000047,receiver,2024-08-12 00:00:26.264088,2024-08-12 00:25:26.264088,66,N
EVT-000048,LOAD-00048,TRIP-000048,receiver,2024-08-11 23:00:06.090741,2024-08-11 22:39:06.090741,12,Y
EVT-000049,LOAD-00049,TRIP-000049,receiver,2024-08-09 01:00:53.248238,2024-08-09 02:05:53.248238,56,N
EVT-000050,LOAD-00050,TRIP-000050,receiver,2024-08-11 03:00:26.319109,2024-08-11 02:14:26.319109,5,N
EVT-000051,LOAD-00051,TRIP-000051,receiver,2024-08-14 23:00:13.051115,2024-08-14 23:23:13.051115,37,N
EVT-000052,LOAD-00052,TRIP-000052,receiver,2024-08-14 00:00:30.085090,2024-08-14 00:11:30.085090,11,Y
EVT-000053,LOAD-00053,TRIP-000053,receiver,2024-08-14 13:00:06.944199,2024-08-14 12:05:06.944199,7,Y
EVT-000054,LOAD-00054,TRIP-000054,receiver,2024-08-15 23:00:30.290682,2024-08-15 22:35:30.290682,14,Y
EVT-000055,LOAD-00055,TRIP-000055,receiver,2024-08-18 00:00:13.398958,2024-08-17 23:44:13.398958,11,Y
EVT-000056,LOAD-00056,TRIP-000056,receiver,2024-08-17 00:00:35.211031,2024-08-16 23:45:35.211031,8,N
EVT-000057,LOAD-00057,TRIP-000057,receiver,2024-08-19 00:00:56.289528,2024-08-19 00:09:56.289528,13,N
EVT-000058,LOAD-00058,TRIP-000058,receiver,2024-08-20 20:00:25.419276,2024-08-20 20:11:25.419276,57,N
EVT-000059,LOAD-00059,TRIP-000059,receiver,2024-08-22 00:00:46.997694,2024-08-21 23:16:46.997694,16,Y
EVT-000060,LOAD-00060,TRIP-000060,receiver,2024-08-20 21:00:51.432955,2024-08-20 20:38:51.432955,10,Y
EVT-000061,LOAD-00061,TRIP-000061,receiver,2024-08-26 00:00:10.033245,2024-08-25 23:36:10.033245,13,Y
EVT-000062,LOAD-00062,TRIP-000062,receiver,2024-08-26 14:00:39.117247,2024-08-26 13:55:39.117247,10,Y
EVT-000063,LOAD-00063,TRIP-000063,receiver,2024-08-25 20:00:02.195714,2024-08-25 20:13:02.195714,13,N
EVT-000064,LOAD-00064,TRIP-000064,receiver,2024-08-27 01:00:46.984795,2024-08-27 00:49:46.984795,11,Y
EVT-000065,LOAD-00065,TRIP-000065,receiver,2024-08-23 12:00:31.052088,2024-08-23 11:38:31.052088,7,N
EVT-000066,LOAD-00066,TRIP-000066,receiver,2024-08-25 23:00:24.348721,2024-08-25 22:54:24.348721,10,Y
EVT-000067,LOAD-00067,TRIP-000067,receiver,2024-08-24 20:00:13.142725,2024-08-24 20:40:13.142725,49,N
EVT-000068,LOAD-00068,TRIP-000068,receiver,2024-08-26 01:00:22.882195,2024-08-26 00:37:22.882195,2,Y
EVT-000069,LOAD-00069,TRIP-000069,receiver,2024-08-29 12:00:04.089110,2024-08-29 11:44:04.089110,6,Y
EVT-000070,LOAD-00070,TRIP-000070,receiver,2024-09-01 01:00:17.603697,2024-09-01 00:15:17.603697,11,Y
EVT-000071,LOAD-00071,TRIP-000071,receiver,2024-09-03 00:00:17.117244,2024-09-03 00:12:17.117244,43,N
EVT-000072,LOAD-00072,TRIP-000072,receiver,2024-09-04 00:00:08.455763,2024-09-03 23:50:08.455763,9,Y
EVT-000073,LOAD-00073,TRIP-000073,receiver,2024-09-01 22:00:26.437194,2024-09-01 21:39:26.437194,6,Y
EVT-000074,LOAD-00074,TRIP-000074,receiver,2024-09-04 01:00:22.348131,2024-09-04 00:54:22.348131,13,Y
EVT-000075,LOAD-00075,TRIP-000075,receiver,2024-09-01 11:00:17.658918,2024-09-01 10:29:17.658918,18,Y
EVT-000076,LOAD-00076,TRIP-000076,receiver,2024-09-02 23:00:59.804922,2024-09-02 22:44:59.804922,12,Y
EVT-000077,LOAD-00077,TRIP-000077,receiver,2024-09-01 21:00:17.987423,2024-09-01 20:20:17.987423,6,Y
EVT-000078,LOAD-00078,TRIP-000078,receiver,2024-09-02 23:00:02.183280,2024-09-02 22:25:02.183280,9,Y
EVT-000079,LOAD-00079,TRIP-000079,receiver,2024-08-27 23:00:34.027624,2024-08-27 22:04:34.027624,4,Y
EVT-000080,LOAD-00080,TRIP-000080,receiver,2024-09-09 21:00:11.255403,2024-09-09 21:32:11.255403,29,N
EVT-000081,LOAD-00081,TRIP-000081,receiver,2024-09-11 01:00:23.929954,2024-09-11 00:13:23.929954,8,Y
EVT-000082,LOAD-00082,TRIP-000082,receiver,2024-09-07 12:00:15.500753,2024-09-07 11:52:15.500753,8,Y
EVT-000083,LOAD-00083,TRIP-000083,receiver,2024-09-09 01:00:29.910766,2024-09-09 00:47:29.910766,11,Y
EVT-000084,LOAD-00084,TRIP-000084,receiver,2024-09-09 13:00:10.503052,2024-09-09 13:13:10.503052,18,N
EVT-000085,LOAD-00085,TRIP-000085,receiver,2024-09-10 23:00:58.116680,2024-09-10 22:44:58.116680,7,Y
EVT-000086,LOAD-00086,TRIP-000086,receiver,2024-09-06 00:00:46.661990,2024-09-06 00:03:46.661990,36,N
EVT-000087,LOAD-00087,TRIP-000087,receiver,2024-09-07 22:00:18.279766,2024-09-07 22:06:18.279766,11,Y
EVT-000088,LOAD-00088,TRIP-000088,receiver,2024-09-14 13:00:09.822195,2024-09-14 12:25:09.822195,13,N
EVT-000089,LOAD-00089,TRIP-000089,receiver,2024-09-16 13:00:11.118001,2024-09-16 13:04:11.118001,14,Y
EVT-000090,LOAD-00090,TRIP-000090,receiver,2024-09-15 00:00:35.504520,2024-09-14 23:52:35.504520,11,Y
EVT-000091,LOAD-00091,TRIP-000091,receiver,2024-09-16 01:00:59.499472,2024-09-16 00:52:59.499472,15,Y
EVT-000092,LOAD-00092,TRIP-000092,receiver,2024-09-14 22:00:22.611555,2024-09-14 21:27:22.611555,4,Y
EVT-000093,LOAD-00093,TRIP-000093,receiver,2024-09-16 16:00:23.603442,2024-09-16 15:16:23.603442,10,Y
EVT-000094,LOAD-00094,TRIP-000094,receiver,2024-09-12 23:00:15.039503,2024-09-12 23:01:15.039503,16,Y
EVT-000095,LOAD-00095,TRIP-000095,receiver,2024-09-14 02:00:57.999657,2024-09-14 01:26:57.999657,11,Y
EVT-000096,LOAD-00096,TRIP-000096,receiver,2024-09-12 21:00:50.565392,2024-09-12 21:23:50.565392,45,N
EVT-000097,LOAD-00097,TRIP-000097,receiver,2024-09-13 15:00:59.934354,2024-09-13 14:29:59.934354,5,Y
EVT-000098,LOAD-00098,TRIP-000098,receiver,2024-09-11 23:00:46.550110,2024-09-11 22:42:46.550110,6,Y
EVT-000099,LOAD-00099,TRIP-000099,receiver,2024-09-13 00:00:47.679393,2024-09-12 23:04:47.679393,12,Y
EVT-000100,LOAD-00100,TRIP-000100,receiver,2024-09-18 13:00:23.738238,2024-09-18 12:26:23.738238,16,Y
EVT-000101,LOAD-00101,TRIP-000101,receiver,2024-09-20 22:00:57.751597,2024-09-20 21:43:57.751597,0,Y
EVT-000102,LOAD-00102,TRIP-000102,receiver,2024-09-21 22:00:00.922670,2024-09-21 21:31:00.922670,5,N
EVT-000103,LOAD-00103,TRIP-000103,receiver,2024-09-22 22:00:10.460695,2024-09-22 22:15:10.460695,0,Y
EVT-000104,LOAD-00104,TRIP-000104,receiver,2024-09-23 13:00:36.447778,2024-09-23 12:34:36.447778,14,Y
EVT-000105,LOAD-00105,TRIP-000105,receiver,2024-09-22 23:00:53.573510,2024-09-22 22:19:53.573510,6,Y
EVT-000106,LOAD-00106,TRIP-000106,receiver,2024-09-24 02:00:19.055486,2024-09-24 01:36:19.055486,14,Y
EVT-000107,LOAD-00107,TRIP-000107,receiver,2024-09-24 20:00:29.060354,2024-09-24 20:22:29.060354,5,Y
EVT-000108,LOAD-00108,TRIP-000108,receiver,2024-09-26 01:00:24.981375,2024-09-26 01:23:24.981375,11,Y
EVT-000109,LOAD-00109,TRIP-000109,receiver,2024-09-29 21:00:20.722951,2024-09-29 21:00:20.722951,13,Y
EVT-000110,LOAD-00110,TRIP-000110,receiver,2024-10-02 02:00:57.951642,2024-10-02 01:02:57.951642,5,Y
EVT-000111,LOAD-00111,TRIP-000111,receiver,2024-09-26 13:00:35.306085,2024-09-26 12:37:35.306085,2,Y
EVT-000112,LOAD-00112,TRIP-000112,receiver,2024-09-27 12:00:54.463901,2024-09-27 11:55:54.463901,17,Y
EVT-000113,LOAD-00113,TRIP-000113,receiver,2024-09-29 14:00:21.039385,2024-09-29 13:38:21.039385,3,Y
EVT-000114,LOAD-00114,TRIP-000114,receiver,2024-10-01 14:00:15.112861,2024-10-01 13:22:15.112861,14,Y
EVT-000115,LOAD-00115,TRIP-000115,receiver,2024-10-05 23:00:37.638084,2024-10-05 22:29:37.638084,15,Y
EVT-000116,LOAD-00116,TRIP-000116,receiver,2024-10-07 14:00:35.893780,2024-10-07 13:06:35.893780,6,Y
EVT-000117,LOAD-00117,TRIP-000117,receiver,2024-10-04 22:00:18.077121,2024-10-04 21:41:18.077121,11,Y
EVT-000118,LOAD-00118,TRIP-000118,receiver,2024-10-06 23:00:47.424417,2024-10-06 22:06:47.424417,9,Y
EVT-000119,LOAD-00119,TRIP-000119,receiver,2024-10-02 23:00:22.589142,2024-10-02 22:11:22.589142,15,Y
EVT-000120,LOAD-00120,TRIP-000120,receiver,2024-10-10 22:00:03.438120,2024-10-10 21:16:03.438120,3,N
EVT-000121,LOAD-00121,TRIP-000121,receiver,2024-10-11 23:00:19.656816,2024-10-11 22:13:19.656816,2,Y
EVT-000122,LOAD-00122,TRIP-000122,receiver,2024-10-08 12:00:12.403561,2024-10-08 11:29:12.403561,1,N
EVT-000123,LOAD-00123,TRIP-000123,receiver,2024-10-11 02:00:26.952789,2024-10-11 02:03:26.952789,4,Y
EVT-000124,LOAD-00124,TRIP-000124,receiver,2024-10-11 20:00:41.589446,2024-10-11 20:14:41.589446,27,N
EVT-000125,LOAD-00125,TRIP-000125,receiver,2024-10-13 20:00:15.598437,2024-10-13 20:24:15.598437,58,N
EVT-000126,LOAD-00126,TRIP-000126,receiver,2024-10-15 01:00:06.520636,2024-10-15 00:45:06.520636,0,Y
EVT-000127,LOAD-00127,TRIP-000127,receiver,2024-10-15 01:00:24.433704,2024-10-15 00:22:24.433704,3,Y
EVT-000128,LOAD-00128,TRIP-000128,receiver,2024-10-17 00:00:38.585688,2024-10-16 23:51:38.585688,13,Y
EVT-000129,LOAD-00129,TRIP-000129,receiver,2024-10-12 23:00:49.619981,2024-10-12 22:45:49.619981,14,Y
EVT-000130,LOAD-00130,TRIP-000130,receiver,2024-10-13 14:00:52.219391,2024-10-13 13:35:52.219391,10,Y
EVT-000131,LOAD-00131,TRIP-000131,receiver,2024-10-18 00:00:19.337464,2024-10-17 23:47:19.337464,2,Y
EVT-000132,LOAD-00132,TRIP-000132,receiver,2024-10-18 23:00:50.613450,2024-10-18 22:45:50.613450,15,Y
EVT-000133,LOAD-00133,TRIP-000133,receiver,2024-10-18 14:00:39.962224,2024-10-18 13:56:39.962224,8,Y
EVT-000134,LOAD-00134,TRIP-000134,receiver,2024-10-21 03:00:56.197648,2024-10-21 02:32:56.197648,7,Y
EVT-000135,LOAD-00135,TRIP-000135,receiver,2024-10-18 22:00:40.352462,2024-10-18 22:20:40.352462,40,N
EVT-000136,LOAD-00136,TRIP-000136,receiver,2024-10-20 13:00:09.919759,2024-10-20 12:09:09.919759,11,Y
EVT-000137,LOAD-00137,TRIP-000137,receiver,2024-10-19 21:00:40.308190,2024-10-19 20:36:40.308190,5,Y
EVT-000138,LOAD-00138,TRIP-000138,receiver,2024-10-21 02:00:15.914111,2024-10-21 01:37:15.914111,6,Y
EVT-000139,LOAD-00139,TRIP-000139,receiver,2024-10-24 21:00:33.517106,2024-10-24 20:37:33.517106,4,Y
EVT-000140,LOAD-00140,TRIP-000140,receiver,2024-10-25 22:00:14.530960,2024-10-25 21:45:14.530960,12,Y
EVT-000141,LOAD-00141,TRIP-000141,receiver,2024-10-25 21:00:14.789844,2024-10-25 21:39:14.789844,51,N
EVT-000142,LOAD-00142,TRIP-000142,receiver,2024-10-27 13:00:15.112668,2024-10-27 12:32:15.112668,10,Y
EVT-000143,LOAD-00143,TRIP-000143,receiver,2024-10-27 00:00:10.233018,2024-10-27 00:17:10.233018,49,N
EVT-000144,LOAD-00144,TRIP-000144,receiver,2024-10-28 00:00:47.768474,2024-10-27 23:56:47.768474,7,Y
EVT-000145,LOAD-00145,TRIP-000145,receiver,2024-10-25 12:00:37.715298,2024-10-25 12:28:37.715298,21,N
EVT-000146,LOAD-00146,TRIP-000146,receiver,2024-10-26 15:00:58.299393,2024-10-26 14:40:58.299393,14,Y
EVT-000147,LOAD-00147,TRIP-000147,receiver,2024-11-03 23:00:39.819509,2024-11-03 23:01:39.819509,29,N
EVT-000148,LOAD-00148,TRIP-000148,receiver,2024-11-05 02:00:49.682877,2024-11-05 01:39:49.682877,15,Y
EVT-000149,LOAD-00149,TRIP-000149,receiver,2024-11-04 21:00:34.946071,2024-11-04 21:05:34.946071,35,N
EVT-000150,LOAD-00150,TRIP-000150,receiver,2024-11-06 03:00:41.505944,2024-11-06 02:24:41.505944,4,N
EVT-000151,LOAD-00151,TRIP-000151,receiver,2024-10-31 21:00:46.514615,2024-10-31 20:30:46.514615,11,Y
EVT-000152,LOAD-00152,TRIP-000152,receiver,2024-11-02 15:00:00.850481,2024-11-02 14:37:00.850481,2,Y
EVT-000153,LOAD-00153,TRIP-000153,receiver,2024-10-30 00:00:53.103576,2024-10-29 23:33:53.103576,21,N
EVT-000154,LOAD-00154,TRIP-000154,receiver,2024-10-30 15:00:09.056382,2024-10-30 14:16:09.056382,3,Y
EVT-000155,LOAD-00155,TRIP-000155,receiver,2024-11-06 21:00:41.031260,2024-11-06 22:08:41.031260,64,N
EVT-000156,LOAD-00156,TRIP-000156,receiver,2024-11-07 12:00:06.960730,2024-11-07 11:56:06.960730,11,Y
EVT-000157,LOAD-00157,TRIP-000157,receiver,2024-11-08 21:00:02.086073,2024-11-08 21:02:02.086073,12,Y
EVT-000158,LOAD-00158,TRIP-000158,receiver,2024-11-10 15:00:13.714706,2024-11-10 14:49:13.714706,7,Y
EVT-000159,LOAD-00159,TRIP-000159,receiver,2024-11-17 21:00:19.228557,2024-11-17 21:20:19.228557,9,Y
EVT-000160,LOAD-00160,TRIP-000160,receiver,2024-11-18 15:00:00.420677,2024-11-18 14:52:00.420677,7,Y
EVT-000161,LOAD-00161,TRIP-000161,receiver,2024-11-18 22:00:08.598087,2024-11-18 22:00:08.598087,44,N
EVT-000162,LOAD-00162,TRIP-000162,receiver,2024-11-25 23:00:54.387695,2024-11-25 23:16:54.387695,12,Y
EVT-000163,LOAD-00163,TRIP-000163,receiver,2024-11-27 00:00:26.905003,2024-11-26 23:20:26.905003,6,Y
EVT-000164,LOAD-00164,TRIP-000164,receiver,2024-11-19 23:00:05.635093,2024-11-19 22:21:05.635093,8,Y
EVT-000165,LOAD-00165,TRIP-000165,receiver,2024-11-21 12:00:31.072928,2024-11-21 11:53:31.072928,8,Y
EVT-000166,LOAD-00166,TRIP-000166,receiver,2024-12-01 13:00:24.195173,2024-12-01 13:07:24.195173,12,Y
EVT-000167,LOAD-00167,TRIP-000167,receiver,2024-12-02 22:00:55.296308,2024-12-02 21:56:55.296308,0,Y
EVT-000168,LOAD-00168,TRIP-000168,receiver,2024-12-05 01:00:15.910261,2024-12-05 00:35:15.910261,3,Y
EVT-000169,LOAD-00169,TRIP-000169,receiver,2024-12-03 12:00:37.596087,2024-12-03 12:02:37.596087,12,N
EVT-000170,LOAD-00170,TRIP-000170,receiver,2024-12-06 02:00:03.347246,2024-12-06 01:48:03.347246,9,Y
EVT-000171,LOAD-00171,TRIP-000171,receiver,2024-12-08 23:00:50.073953,2024-12-08 23:17:50.073953,11,Y
EVT-000172,LOAD-00172,TRIP-000172,receiver,2024-12-10 03:00:33.732531,2024-12-10 02:45:33.732531,14,Y
EVT-000173,LOAD-00173,TRIP-000173,receiver,2024-12-07 00:00:35.135366,2024-12-07 00:28:35.135366,44,N
EVT-000174,LOAD-00174,TRIP-000174,receiver,2024-12-07 15:00:23.679651,2024-12-07 14:41:23.679651,12,Y
EVT-000175,LOAD-00175,TRIP-000175,receiver,2024-12-05 00:00:23.159228,2024-12-04 23:35:23.159228,40,N
EVT-000176,LOAD-00176,TRIP-000176,receiver,2024-12-07 00:00:58.378658,2024-12-06 23:54:58.378658,7,Y
EVT-000177,LOAD-00177,TRIP-000177,receiver,2024-12-13 20:00:04.413094,2024-12-13 19:50:04.413094,4,N
EVT-000178,LOAD-00178,TRIP-000178,receiver,2024-12-14 23:00:03.824423,2024-12-14 22:54:03.824423,11,Y
EVT-000179,LOAD-00179,TRIP-000179,receiver,2024-12-10 22:00:07.864058,2024-12-10 22:26:07.864058,42,N
EVT-000180,LOAD-00180,TRIP-000180,receiver,2024-12-10 20:00:11.705910,2024-12-10 20:28:11.705910,55,N
EVT-000181,LOAD-00181,TRIP-000181,receiver,2024-12-12 02:00:08.340690,2024-12-12 01:10:08.340690,12,Y
EVT-000182,LOAD-00182,TRIP-000182,receiver,2024-12-15 21:00:50.589715,2024-12-15 20:59:50.589715,32,N
EVT-000183,LOAD-00183,TRIP-000183,receiver,2024-12-17 00:00:48.192810,2024-12-16 23:17:48.192810,5,Y
EVT-000184,LOAD-00184,TRIP-000184,receiver,2024-12-22 14:00:58.747013,2024-12-22 13:10:58.747013,14,Y
EVT-000185,LOAD-00185,TRIP-000185,receiver,2024-12-23 23:00:01.026844,2024-12-23 22:09:01.026844,8,Y
EVT-000186,LOAD-00186,TRIP-000186,receiver,2024-12-23 00:00:09.489951,2024-12-22 23:35:09.489951,19,Y
EVT-000187,LOAD-00187,TRIP-000187,receiver,2024-12-25 01:00:36.519551,2024-12-25 00:46:36.519551,6,Y
EVT-000188,LOAD-00188,TRIP-000188,receiver,2024-12-26 21:00:52.021674,2024-12-26 21:09:52.021674,12,Y
EVT-000189,LOAD-00189,TRIP-000189,receiver,2024-12-27 14:00:50.663119,2024-12-27 13:17:50.663119,8,Y
EVT-000190,LOAD-00190,TRIP-000190,receiver,2024-12-30 13:00:07.885934,2024-12-30 12:43:07.885934,14,N
EVT-000191,LOAD-00191,TRIP-000191,receiver,2024-12-31 13:00:00.767776,2024-12-31 12:32:00.767776,10,Y
EVT-000192,LOAD-00192,TRIP-000192,receiver,2024-12-29 21:00:04.950938,2024-12-29 20:49:04.950938,26,N
EVT-000193,LOAD-00193,TRIP-000193,receiver,2024-12-31 12:00:49.923669,2024-12-31 11:38:49.923669,19,N
EVT-000194,LOAD-00194,TRIP-000194,receiver,2024-12-27 21:00:56.279604,2024-12-27 20:24:56.279604,0,Y
EVT-000195,LOAD-00195,TRIP-000195,receiver,2024-12-29 02:00:06.650162,2024-12-29 01:40:06.650162,8,Y
EVT-000196,LOAD-00196,TRIP-000196,receiver,2025-01-04 21:00:09.408904,2025-01-04 20:51:09.408904,9,Y
EVT-000197,LOAD-00197,TRIP-000197,receiver,2025-01-05 13:00:48.742124,2025-01-05 12:51:48.742124,10,Y
EVT-000198,LOAD-00198,TRIP-000198,receiver,2024-12-31 12:00:41.872293,2024-12-31 12:29:41.872293,24,N
EVT-000199,LOAD-00199,TRIP-000199,receiver,2025-01-01 13:00:22.477956,2025-01-01 13:10:22.477956,10,Y
EVT-000200,LOAD-00200,TRIP-000200,receiver,2025-01-03 21:00:11.043092,2025-01-03 21:21:11.043092,30,N
EVT-000201,LOAD-00201,TRIP-000201,receiver,2025-01-05 01:00:23.304072,2025-01-05 00:06:23.304072,13,Y
EVT-000202,LOAD-00202,TRIP-000202,receiver,2025-01-02 00:00:44.251696,2025-01-02 00:27:44.251696,36,N
EVT-000203,LOAD-00203,TRIP-000203,receiver,2025-01-02 12:00:13.869339,2025-01-02 11:39:13.869339,10,Y
EVT-000204,LOAD-00204,TRIP-000204,receiver,2025-01-14 00:00:24.734377,2025-01-13 23:50:24.734377,17,Y
EVT-000205,LOAD-00205,TRIP-000205,receiver,2025-01-15 13:00:56.508964,2025-01-15 12:58:56.508964,8,Y
EVT-000206,LOAD-00206,TRIP-000206,receiver,2025-01-12 13:00:55.700106,2025-01-12 12:58:55.700106,7,Y
EVT-000207,LOAD-00207,TRIP-000207,receiver,2025-01-19 23:00:00.536753,2025-01-19 22:32:00.536753,7,Y
EVT-000208,LOAD-00208,TRIP-000208,receiver,2025-01-18 22:00:20.748541,2025-01-18 21:54:20.748541,10,Y
EVT-000209,LOAD-00209,TRIP-000209,receiver,2025-01-20 12:00:20.130279,2025-01-20 11:55:20.130279,15,Y
EVT-000210,LOAD-00210,TRIP-000210,receiver,2025-01-22 13:00:32.374220,2025-01-22 12:55:32.374220,9,Y
EVT-000211,LOAD-00211,TRIP-000211,receiver,2025-01-25 01:00:25.168371,2025-01-25 00:28:25.168371,8,N
EVT-000212,LOAD-00212,TRIP-000212,receiver,2025-01-23 22:00:06.856104,2025-01-23 22:01:06.856104,39,N
EVT-000213,LOAD-00213,TRIP-000213,receiver,2025-01-25 14:00:41.016992,2025-01-25 13:52:41.016992,9,Y
EVT-000214,LOAD-00214,TRIP-000214,receiver,2025-01-21 22:00:18.492036,2025-01-21 22:14:18.492036,7,Y
EVT-000215,LOAD-00215,TRIP-000215,receiver,2025-01-22 12:00:43.072321,2025-01-22 11:24:43.072321,5,Y
EVT-000216,LOAD-00216,TRIP-000216,receiver,2025-01-24 00:00:36.389525,2025-01-23 23:48:36.389525,9,Y
EVT-000217,LOAD-00217,TRIP-000217,receiver,2025-02-02 21:00:54.808709,2025-02-02 20:23:54.808709,6,Y
EVT-000218,LOAD-00218,TRIP-000218,receiver,2025-02-03 22:00:06.934509,2025-02-03 21:57:06.934509,5,Y
EVT-000219,LOAD-00219,TRIP-000219,receiver,2025-02-02 12:00:48.786251,2025-02-02 11:51:48.786251,1,Y
EVT-000220,LOAD-00220,TRIP-000220,receiver,2025-02-04 01:00:15.896584,2025-02-04 00:51:15.896584,15,Y
EVT-000221,LOAD-00221,TRIP-000221,receiver,2025-02-09 13:00:53.856356,2025-02-09 13:02:53.856356,13,Y
EVT-000222,LOAD-00222,TRIP-000222,receiver,2025-02-11 23:00:41.120947,2025-02-11 22:46:41.120947,6,Y
EVT-000223,LOAD-00223,TRIP-000223,receiver,2025-02-07 20:00:05.778353,2025-02-07 20:32:05.778353,43,N
EVT-000224,LOAD-00224,TRIP-000224,receiver,2025-02-10 02:00:57.483030,2025-02-10 01:40:57.483030,0,Y
EVT-000225,LOAD-00225,TRIP-000225,receiver,2025-02-08 12:00:59.693474,2025-02-08 11:27:59.693474,9,Y
EVT-000226,LOAD-00226,TRIP-000226,receiver,2025-02-10 02:00:14.252992,2025-02-10 00:59:14.252992,4,Y
EVT-000227,LOAD-00227,TRIP-000227,receiver,2025-02-09 00:00:03.635200,2025-02-08 23:27:03.635200,5,Y
EVT-000228,LOAD-00228,TRIP-000228,receiver,2025-02-10 01:00:56.171206,2025-02-10 00:34:56.171206,8,Y
EVT-000229,LOAD-00229,TRIP-000229,receiver,2025-02-16 13:00:49.176003,2025-02-16 12:24:49.176003,16,Y
EVT-000230,LOAD-00230,TRIP-000230,receiver,2025-02-15 22:00:45.923374,2025-02-15 22:36:45.923374,50,N
EVT-000231,LOAD-00231,TRIP-000231,receiver,2025-02-16 13:00:40.939411,2025-02-16 13:09:40.939411,7,Y
EVT-000232,LOAD-00232,TRIP-000232,receiver,2025-02-17 13:00:15.785972,2025-02-17 13:12:15.785972,8,Y
EVT-000233,LOAD-00233,TRIP-000233,receiver,2025-02-19 02:00:06.003305,2025-02-19 01:32:06.003305,5,Y
EVT-000234,LOAD-00234,TRIP-000234,receiver,2025-02-14 00:00:51.035804,2025-02-14 00:09:51.035804,45,N
EVT-000235,LOAD-00235,TRIP-000235,receiver,2025-02-14 13:00:25.217159,2025-02-14 12:53:25.217159,8,N
EVT-000236,LOAD-00236,TRIP-000236,receiver,2025-02-24 12:00:18.004677,2025-02-24 12:05:18.004677,8,Y
EVT-000237,LOAD-00237,TRIP-000237,receiver,2025-02-27 02:00:46.764229,2025-02-27 01:33:46.764229,7,Y
EVT-000238,LOAD-00238,TRIP-000238,receiver,2025-02-19 12:00:35.171565,2025-02-19 11:56:35.171565,5,Y
EVT-000239,LOAD-00239,TRIP-000239,receiver,2025-02-21 14:00:06.872532,2025-02-21 13:50:06.872532,12,Y
EVT-000240,LOAD-00240,TRIP-000240,receiver,2025-03-03 00:00:20.172805,2025-03-02 23:18:20.172805,18,Y
EVT-000241,LOAD-00241,TRIP-000241,receiver,2025-03-03 14:00:19.112661,2025-03-03 13:58:19.112661,7,N
EVT-000242,LOAD-00242,TRIP-000242,receiver,2025-02-26 21:00:43.391701,2025-02-26 22:00:43.391701,75,N
EVT-000243,LOAD-00243,TRIP-000243,receiver,2025-03-01 01:00:08.103295,2025-03-01 00:37:08.103295,12,Y
EVT-000244,LOAD-00244,TRIP-000244,receiver,2025-03-01 11:00:52.326635,2025-03-01 10:07:52.326635,14,Y
EVT-000245,LOAD-00245,TRIP-000245,receiver,2025-03-03 15:00:28.063527,2025-03-03 15:11:28.063527,9,Y
EVT-000246,LOAD-00246,TRIP-000246,receiver,2025-03-03 11:00:02.646301,2025-03-03 10:44:02.646301,12,Y
EVT-000247,LOAD-00247,TRIP-000247,receiver,2025-03-10 22:00:51.542939,2025-03-10 22:11:51.542939,37,N
EVT-000248,LOAD-00248,TRIP-000248,receiver,2025-03-12 01:00:51.742304,2025-03-12 00:14:51.742304,12,Y
EVT-000249,LOAD-00249,TRIP-000249,receiver,2025-03-08 00:00:43.939440,2025-03-07 23:57:43.939440,12,Y
EVT-000250,LOAD-00250,TRIP-000250,receiver,2025-03-05 13:00:27.492655,2025-03-05 12:28:27.492655,0,Y
EVT-000251,LOAD-00251,TRIP-000251,receiver,2025-03-07 15:00:37.551253,2025-03-07 14:11:37.551253,3,Y
EVT-000252,LOAD-00252,TRIP-000252,receiver,2025-03-11 00:00:06.341540,2025-03-10 23:43:06.341540,18,Y
EVT-000253,LOAD-00253,TRIP-000253,receiver,2025-03-13 02:00:32.882472,2025-03-13 01:40:32.882472,6,Y
EVT-000254,LOAD-00254,TRIP-000254,receiver,2025-03-17 23:00:40.630739,2025-03-17 23:03:40.630739,50,N
EVT-000255,LOAD-00255,TRIP-000255,receiver,2025-03-19 01:00:16.047484,2025-03-19 00:51:16.047484,5,Y
EVT-000256,LOAD-00256,TRIP-000256,receiver,2025-03-14 22:00:07.915443,2025-03-14 21:28:07.915443,10,Y
EVT-000257,LOAD-00257,TRIP-000257,receiver,2025-03-15 14:00:22.037944,2025-03-15 14:02:22.037944,18,Y
EVT-000258,LOAD-00258,TRIP-000258,receiver,2025-03-13 22:00:59.883101,2025-03-13 21:40:59.883101,13,Y
EVT-000259,LOAD-00259,TRIP-000259,receiver,2025-03-16 01:00:45.009366,2025-03-16 00:36:45.009366,10,N
EVT-000260,LOAD-00260,TRIP-000260,receiver,2025-03-16 20:00:52.165435,2025-03-16 20:00:52.165435,1,Y
EVT-000261,LOAD-00261,TRIP-000261,receiver,2025-03-19 01:00:29.060568,2025-03-19 00:39:29.060568,7,Y
EVT-000262,LOAD-00262,TRIP-000262,receiver,2025-03-23 00:00:17.043865,2025-03-22 23:25:17.043865,29,N
EVT-000263,LOAD-00263,TRIP-000263,receiver,2025-03-25 01:00:38.564637,2025-03-25 00:30:38.564637,3,Y
EVT-000264,LOAD-00264,TRIP-000264,receiver,2025-03-20 22:00:52.375749,2025-03-20 21:33:52.375749,24,N
EVT-000265,LOAD-00265,TRIP-000265,receiver,2025-03-23 00:00:01.639198,2025-03-22 23:55:01.639198,6,Y
EVT-000266,LOAD-00266,TRIP-000266,receiver,2025-03-28 00:00:13.990719,2025-03-27 23:30:13.990719,12,Y
EVT-000267,LOAD-00267,TRIP-000267,receiver,2025-03-28 14:00:58.446622,2025-03-28 14:15:58.446622,12,Y
EVT-000268,LOAD-00268,TRIP-000268,receiver,2025-03-29 21:00:44.372356,2025-03-29 21:04:44.372356,0,Y
EVT-000269,LOAD-00269,TRIP-000269,receiver,2025-04-01 00:00:45.655165,2025-03-31 23:15:45.655165,8,Y
EVT-000270,LOAD-00270,TRIP-000270,receiver,2025-03-25 22:00:58.008463,2025-03-25 21:59:58.008463,0,Y
EVT-000271,LOAD-00271,TRIP-000271,receiver,2025-03-28 01:00:51.993801,2025-03-28 00:45:51.993801,10,Y
EVT-000272,LOAD-00272,TRIP-000272,receiver,2025-03-26 13:00:13.361197,2025-03-26 12:58:13.361197,16,N
EVT-000273,LOAD-00273,TRIP-000273,receiver,2025-03-27 12:00:14.279764,2025-03-27 11:37:14.279764,15,Y
EVT-000274,LOAD-00274,TRIP-000274,receiver,2025-04-01 23:00:48.803896,2025-04-01 23:23:48.803896,10,Y
EVT-000275,LOAD-00275,TRIP-000275,receiver,2025-04-03 15:00:54.124745,2025-04-03 14:15:54.124745,12,Y
EVT-000276,LOAD-00276,TRIP-000276,receiver,2025-04-04 11:00:04.334403,2025-04-04 10:30:04.334403,5,Y
EVT-000277,LOAD-00277,TRIP-000277,receiver,2025-04-05 13:00:17.975096,2025-04-05 12:30:17.975096,9,Y
EVT-000278,LOAD-00278,TRIP-000278,receiver,2025-04-03 22:00:48.695710,2025-04-03 21:35:48.695710,13,N
EVT-000279,LOAD-00279,TRIP-000279,receiver,2025-04-03 22:00:11.313705,2025-04-03 22:51:11.313705,65,N
EVT-000280,LOAD-00280,TRIP-000280,receiver,2025-04-06 00:00:10.466286,2025-04-06 00:03:10.466286,12,Y
EVT-000281,LOAD-00281,TRIP-000281,receiver,2025-04-03 00:00:49.601496,2025-04-02 23:29:49.601496,16,Y
EVT-000282,LOAD-00282,TRIP-000282,receiver,2025-04-04 00:00:07.693849,2025-04-03 23:02:07.693849,4,Y
EVT-000283,LOAD-00283,TRIP-000283,receiver,2025-04-05 10:00:57.161998,2025-04-05 09:41:57.161998,9,Y
EVT-000284,LOAD-00284,TRIP-000284,receiver,2025-04-07 03:00:22.510888,2025-04-07 02:14:22.510888,9,Y
EVT-000285,LOAD-00285,TRIP-000285,receiver,2025-04-10 23:00:59.929043,2025-04-10 22:39:59.929043,15,Y
EVT-000286,LOAD-00286,TRIP-000286,receiver,2025-04-12 12:00:40.681857,2025-04-12 11:38:40.681857,9,Y
EVT-000287,LOAD-00287,TRIP-000287,receiver,2025-04-08 21:00:08.230630,2025-04-08 20:54:08.230630,7,Y
EVT-000288,LOAD-00288,TRIP-000288,receiver,2025-04-10 22:00:58.540983,2025-04-10 21:56:58.540983,4,Y
EVT-000289,LOAD-00289,TRIP-000289,receiver,2025-04-13 00:00:15.406147,2025-04-12 23:22:15.406147,2,Y
EVT-000290,LOAD-00290,TRIP-000290,receiver,2025-04-09 20:00:00.044050,2025-04-09 19:56:00.044050,9,Y
EVT-000291,LOAD-00291,TRIP-000291,receiver,2025-04-11 13:00:27.007062,2025-04-11 12:18:27.007062,10,Y
EVT-000292,LOAD-00292,TRIP-000292,receiver,2025-04-18 23:00:49.302849,2025-04-18 23:21:49.302849,30,N
EVT-000293,LOAD-00293,TRIP-000293,receiver,2025-04-20 22:00:23.442636,2025-04-20 21:42:23.442636,12,Y
EVT-000294,LOAD-00294,TRIP-000294,receiver,2025-04-23 01:00:26.427127,2025-04-23 00:45:26.427127,6,Y
EVT-000295,LOAD-00295,TRIP-000295,receiver,2025-04-16 22:00:39.987385,2025-04-16 21:27:39.987385,2,Y
EVT-000296,LOAD-00296,TRIP-000296,receiver,2025-04-19 01:00:39.039886,2025-04-19 00:58:39.039886,8,Y
EVT-000297,LOAD-00297,TRIP-000297,receiver,2025-04-19 23:00:54.061094,2025-04-19 22:24:54.061094,8,Y
EVT-000298,LOAD-00298,TRIP-000298,receiver,2025-04-21 03:00:14.621525,2025-04-21 02:32:14.621525,10,Y
EVT-000299,LOAD-00299,TRIP-000299,receiver,2025-04-21 23:00:16.292144,2025-04-21 23:42:16.292144,44,N
EVT-000300,LOAD-00300,TRIP-000300,receiver,2025-04-23 03:00:59.770283,2025-04-23 02:26:59.770283,12,Y
EVT-000301,LOAD-00301,TRIP-000301,receiver,2025-04-20 22:00:03.590298,2025-04-20 21:51:03.590298,42,N
EVT-000302,LOAD-00302,TRIP-000302,receiver,2025-04-21 22:00:16.915937,2025-04-21 21:40:16.915937,12,Y
EVT-000303,LOAD-00303,TRIP-000303,receiver,2025-04-26 21:00:33.818110,2025-04-26 21:01:33.818110,13,Y
EVT-000304,LOAD-00304,TRIP-000304,receiver,2025-04-27 14:00:16.491634,2025-04-27 13:21:16.491634,11,Y
EVT-000305,LOAD-00305,TRIP-000305,receiver,2025-04-22 11:00:52.135752,2025-04-22 10:47:52.135752,5,Y
EVT-000306,LOAD-00306,TRIP-000306,receiver,2025-04-23 14:00:23.491126,2025-04-23 14:07:23.491126,6,Y
EVT-000307,LOAD-00307,TRIP-000307,receiver,2025-04-24 12:00:26.864814,2025-04-24 11:52:26.864814,9,Y
EVT-000308,LOAD-00308,TRIP-000308,receiver,2025-04-26 02:00:26.049816,2025-04-26 01:54:26.049816,0,N
EVT-000309,LOAD-00309,TRIP-000309,receiver,2025-04-27 20:00:08.856303,2025-04-27 19:58:08.856303,7,Y
EVT-000310,LOAD-00310,TRIP-000310,receiver,2025-04-29 22:00:27.340651,2025-04-29 21:49:27.340651,6,N
EVT-000311,LOAD-00311,TRIP-000311,receiver,2025-04-28 22:00:34.135717,2025-04-28 22:33:34.135717,40,N
EVT-000312,LOAD-00312,TRIP-000312,receiver,2025-04-24 00:00:25.778472,2025-04-24 00:33:25.778472,65,N
EVT-000313,LOAD-00313,TRIP-000313,receiver,2025-04-25 14:00:38.840911,2025-04-25 13:01:38.840911,5,Y
EVT-000314,LOAD-00314,TRIP-000314,receiver,2025-05-01 19:00:38.398091,2025-05-01 18:50:38.398091,1,Y
EVT-000315,LOAD-00315,TRIP-000315,receiver,2025-05-03 01:00:51.798530,2025-05-03 00:52:51.798530,8,Y
EVT-000316,LOAD-00316,TRIP-000316,receiver,2025-04-29 22:00:17.429494,2025-04-29 22:14:17.429494,11,Y
EVT-000317,LOAD-00317,TRIP-000317,receiver,2025-05-01 15:00:15.176759,2025-05-01 14:58:15.176759,6,Y
EVT-000318,LOAD-00318,TRIP-000318,receiver,2025-05-04 20:00:08.444272,2025-05-04 20:12:08.444272,22,N
EVT-000319,LOAD-00319,TRIP-000319,receiver,2025-05-04 12:00:18.652105,2025-05-04 11:49:18.652105,8,Y
EVT-000320,LOAD-00320,TRIP-000320,receiver,2025-05-06 01:00:20.506339,2025-05-06 00:40:20.506339,10,Y
EVT-000321,LOAD-00321,TRIP-000321,receiver,2025-04-30 01:00:51.413479,2025-04-30 00:46:51.413479,20,Y
EVT-000322,LOAD-00322,TRIP-000322,receiver,2025-05-01 00:00:42.894239,2025-04-30 23:22:42.894239,10,Y
EVT-000323,LOAD-00323,TRIP-000323,receiver,2025-05-05 21:00:37.102099,2025-05-05 21:27:37.102099,41,N
EVT-000324,LOAD-00324,TRIP-000324,receiver,2025-05-08 02:00:09.827277,2025-05-08 01:54:09.827277,4,Y
EVT-000325,LOAD-00325,TRIP-000325,receiver,2025-05-11 21:00:38.158871,2025-05-11 20:30:38.158871,4,Y
EVT-000326,LOAD-00326,TRIP-000326,receiver,2025-05-13 01:00:18.100842,2025-05-13 00:49:18.100842,11,Y
EVT-000327,LOAD-00327,TRIP-000327,receiver,2025-05-11 13:00:15.392648,2025-05-11 13:09:15.392648,7,Y
EVT-000328,LOAD-00328,TRIP-000328,receiver,2025-05-14 01:00:46.160542,2025-05-14 00:50:46.160542,9,Y
EVT-000329,LOAD-00329,TRIP-000329,receiver,2025-05-09 12:00:14.402825,2025-05-09 11:48:14.402825,15,Y
EVT-000330,LOAD-00330,TRIP-000330,receiver,2025-05-11 14:00:38.150318,2025-05-11 13:47:38.150318,13,Y
EVT-000331,LOAD-00331,TRIP-000331,receiver,2025-05-06 22:00:49.270732,2025-05-06 22:13:49.270732,52,N
EVT-000332,LOAD-00332,TRIP-000332,receiver,2025-05-08 00:00:41.564585,2025-05-07 23:38:41.564585,5,Y
EVT-000333,LOAD-00333,TRIP-000333,receiver,2025-05-12 21:00:04.183570,2025-05-12 21:52:04.183570,61,N
EVT-000334,LOAD-00334,TRIP-000334,receiver,2025-05-15 01:00:09.738728,2025-05-15 00:14:09.738728,7,Y
EVT-000335,LOAD-00335,TRIP-000335,receiver,2025-05-07 22:00:53.314418,2025-05-07 21:37:53.314418,3,Y
EVT-000336,LOAD-00336,TRIP-000336,receiver,2025-05-09 02:00:37.437691,2025-05-09 01:43:37.437691,9,Y
EVT-000337,LOAD-00337,TRIP-000337,receiver,2025-05-14 22:00:03.986467,2025-05-14 21:54:03.986467,13,Y
EVT-000338,LOAD-00338,TRIP-000338,receiver,2025-05-17 01:00:59.528209,2025-05-17 00:01:59.528209,4,Y
EVT-000339,LOAD-00339,TRIP-000339,receiver,2025-05-16 22:00:59.304795,2025-05-16 21:14:59.304795,3,Y
EVT-000340,LOAD-00340,TRIP-000340,receiver,2025-05-17 23:00:12.712719,2025-05-17 22:22:12.712719,0,N
EVT-000341,LOAD-00341,TRIP-000341,receiver,2025-05-20 00:00:16.229987,2025-05-19 23:27:16.229987,7,Y
EVT-000342,LOAD-00342,TRIP-000342,receiver,2025-05-18 00:00:34.251369,2025-05-18 00:17:34.251369,42,N
EVT-000343,LOAD-00343,TRIP-000343,receiver,2025-05-19 13:00:59.828641,2025-05-19 12:18:59.828641,13,Y
EVT-000344,LOAD-00344,TRIP-000344,receiver,2025-05-16 23:00:14.971641,2025-05-16 22:56:14.971641,7,Y
EVT-000345,LOAD-00345,TRIP-000345,receiver,2025-05-19 22:00:47.128853,2025-05-19 22:33:47.128853,24,N
EVT-000346,LOAD-00346,TRIP-000346,receiver,2025-05-22 00:00:44.543497,2025-05-21 23:20:44.543497,5,Y
EVT-000347,LOAD-00347,TRIP-000347,receiver,2025-05-22 21:00:01.096021,2025-05-22 20:57:01.096021,9,Y
EVT-000348,LOAD-00348,TRIP-000348,receiver,2025-05-23 23:00:14.747245,2025-05-23 22:44:14.747245,7,Y
EVT-000349,LOAD-00349,TRIP-000349,receiver,2025-05-26 13:00:49.009339,2025-05-26 12:37:49.009339,0,Y
EVT-000350,LOAD-00350,TRIP-000350,receiver,2025-05-28 00:00:42.890406,2025-05-27 23:36:42.890406,7,Y
EVT-000351,LOAD-00351,TRIP-000351,receiver,2025-05-21 12:00:07.928102,2025-05-21 11:23:07.928102,12,Y
EVT-000352,LOAD-00352,TRIP-000352,receiver,2025-05-22 23:00:29.598525,2025-05-22 22:20:29.598525,17,N
EVT-000353,LOAD-00353,TRIP-000353,receiver,2025-05-20 22:00:34.937076,2025-05-20 21:06:34.937076,11,Y
EVT-000354,LOAD-00354,TRIP-000354,receiver,2025-05-22 15:00:50.959411,2025-05-22 15:06:50.959411,10,Y
EVT-000355,LOAD-00355,TRIP-000355,receiver,2025-05-28 00:00:06.938829,2025-05-28 00:04:06.938829,54,N
EVT-000356,LOAD-00356,TRIP-000356,receiver,2025-05-29 16:00:24.224050,2025-05-29 15:43:24.224050,16,Y
EVT-000357,LOAD-00357,TRIP-000357,receiver,2025-05-28 12:00:53.667717,2025-05-28 11:19:53.667717,6,Y
EVT-000358,LOAD-00358,TRIP-000358,receiver,2025-05-29 23:00:14.181782,2025-05-29 22:25:14.181782,4,Y
EVT-000359,LOAD-00359,TRIP-000359,receiver,2025-06-02 23:00:49.442033,2025-06-02 23:07:49.442033,5,Y
EVT-000360,LOAD-00360,TRIP-000360,receiver,2025-06-04 01:00:22.038926,2025-06-04 00:04:22.038926,8,Y
EVT-000361,LOAD-00361,TRIP-000361,receiver,2025-05-29 20:00:11.543405,2025-05-29 20:12:11.543405,40,N
EVT-000362,LOAD-00362,TRIP-000362,receiver,2025-06-07 22:00:57.234995,2025-06-07 22:12:57.234995,36,N
EVT-000363,LOAD-00363,TRIP-000363,receiver,2025-06-04 20:00:53.971362,2025-06-04 19:55:53.971362,4,Y
EVT-000364,LOAD-00364,TRIP-000364,receiver,2025-06-06 01:00:23.208682,2025-06-06 00:55:23.208682,11,Y
EVT-000365,LOAD-00365,TRIP-000365,receiver,2025-06-10 01:00:18.211728,2025-06-10 00:55:18.211728,54,N
EVT-000366,LOAD-00366,TRIP-000366,receiver,2025-06-11 02:00:10.612861,2025-06-11 01:41:10.612861,3,Y
EVT-000367,LOAD-00367,TRIP-000367,receiver,2025-06-08 21:00:51.108785,2025-06-08 20:17:51.108785,5,N
EVT-000368,LOAD-00368,TRIP-000368,receiver,2025-06-10 23:00:23.195182,2025-06-10 23:01:23.195182,1,Y
EVT-000369,LOAD-00369,TRIP-000369,receiver,2025-06-06 21:00:29.099331,2025-06-06 20:47:29.099331,10,N
EVT-000370,LOAD-00370,TRIP-000370,receiver,2025-06-07 23:00:02.446441,2025-06-07 22:48:02.446441,12,Y
EVT-000371,LOAD-00371,TRIP-000371,receiver,2025-06-04 22:00:17.941090,2025-06-04 23:00:17.941090,59,N
EVT-000372,LOAD-00372,TRIP-000372,receiver,2025-06-05 15:00:09.614790,2025-06-05 14:16:09.614790,0,Y
EVT-000373,LOAD-00373,TRIP-000373,receiver,2025-06-15 23:00:35.798927,2025-06-15 23:05:35.798927,23,N
EVT-000374,LOAD-00374,TRIP-000374,receiver,2025-06-18 02:00:28.622543,2025-06-18 01:59:28.622543,11,N
EVT-000375,LOAD-00375,TRIP-000375,receiver,2025-06-11 21:00:15.793393,2025-06-11 20:28:15.793393,12,Y
EVT-000376,LOAD-00376,TRIP-000376,receiver,2025-06-12 15:00:03.495207,2025-06-12 14:14:03.495207,4,Y
EVT-000377,LOAD-00377,TRIP-000377,receiver,2025-06-11 22:00:43.358066,2025-06-11 22:05:43.358066,5,N
EVT-000378,LOAD-00378,TRIP-000378,receiver,2025-06-14 12:00:11.016039,2025-06-14 11:27:11.016039,10,N
EVT-000379,LOAD-00379,TRIP-000379,receiver,2025-06-17 21:00:37.118541,2025-06-17 20:44:37.118541,4,Y
EVT-000380,LOAD-00380,TRIP-000380,receiver,2025-06-23 22:00:04.196059,2025-06-23 21:25:04.196059,9,Y
EVT-000381,LOAD-00381,TRIP-000381,receiver,2025-06-24 13:00:12.976981,2025-06-24 12:45:12.976981,4,Y
EVT-000382,LOAD-00382,TRIP-000382,receiver,2025-06-21 23:00:18.334486,2025-06-21 22:31:18.334486,6,Y
EVT-000383,LOAD-00383,TRIP-000383,receiver,2025-06-22 15:00:38.729752,2025-06-22 15:01:38.729752,9,Y
EVT-000384,LOAD-00384,TRIP-000384,receiver,2025-06-23 12:00:56.891939,2025-06-23 11:50:56.891939,11,Y
EVT-000385,LOAD-00385,TRIP-000385,receiver,2025-06-25 23:00:38.882286,2025-06-25 22:50:38.882286,7,Y
EVT-000386,LOAD-00386,TRIP-000386,receiver,2025-06-27 22:00:55.737961,2025-06-27 22:23:55.737961,43,N
EVT-000387,LOAD-00387,TRIP-000387,receiver,2025-06-29 01:00:20.771288,2025-06-29 00:21:20.771288,10,Y
EVT-000388,LOAD-00388,TRIP-000388,receiver,2025-06-28 10:00:29.439563,2025-06-28 09:26:29.439563,5,Y
EVT-000389,LOAD-00389,TRIP-000389,receiver,2025-06-30 22:00:24.491522,2025-06-30 22:23:24.491522,16,Y
EVT-000390,LOAD-00390,TRIP-000390,receiver,2025-06-24 21:00:30.159907,2025-06-24 20:45:30.159907,0,Y
EVT-000391,LOAD-00391,TRIP-000391,receiver,2025-06-27 00:00:55.964136,2025-06-26 23:26:55.964136,4,Y
EVT-000392,LOAD-00392,TRIP-000392,receiver,2025-06-29 22:00:18.599504,2025-06-29 21:53:18.599504,4,Y
EVT-000393,LOAD-00393,TRIP-000393,receiver,2025-07-04 23:00:12.126182,2025-07-04 23:29:12.126182,44,N
EVT-000394,LOAD-00394,TRIP-000394,receiver,2025-07-06 00:00:38.360800,2025-07-05 23:57:38.360800,5,Y
EVT-000395,LOAD-00395,TRIP-000395,receiver,2025-07-02 12:00:08.203920,2025-07-02 11:35:08.203920,4,Y
EVT-000396,LOAD-00396,TRIP-000396,receiver,2025-07-04 01:00:20.597044,2025-07-04 00:43:20.597044,7,Y
EVT-000397,LOAD-00397,TRIP-000397,receiver,2025-07-01 11:00:18.729585,2025-07-01 10:25:18.729585,7,Y
EVT-000398,LOAD-00398,TRIP-000398,receiver,2025-07-03 15:00:05.589933,2025-07-03 14:15:05.589933,6,Y
EVT-000399,LOAD-00399,TRIP-000399,receiver,2025-07-02 23:00:02.058681,2025-07-02 22:56:02.058681,36,N
EVT-000400,LOAD-00400,TRIP-000400,receiver,2025-07-05 00:00:59.687286,2025-07-05 00:00:59.687286,10,Y
EVT-000401,LOAD-00401,TRIP-000401,receiver,2025-07-06 23:00:48.121649,2025-07-06 22:36:48.121649,15,Y
EVT-000402,LOAD-00402,TRIP-000402,receiver,2025-07-07 22:00:13.503795,2025-07-07 21:24:13.503795,11,Y
EVT-000403,LOAD-00403,TRIP-000403,receiver,2025-07-05 12:00:14.616933,2025-07-05 11:32:14.616933,13,Y
EVT-000404,LOAD-00404,TRIP-000404,receiver,2025-07-07 15:00:53.047045,2025-07-07 14:37:53.047045,15,Y
EVT-000405,LOAD-00405,TRIP-000405,receiver,2025-07-14 01:00:36.925062,2025-07-14 01:09:36.925062,46,N
EVT-000406,LOAD-00406,TRIP-000406,receiver,2025-07-08 21:00:06.018077,2025-07-08 21:14:06.018077,18,Y
EVT-000407,LOAD-00407,TRIP-000407,receiver,2025-07-10 00:00:00.382848,2025-07-10 00:15:00.382848,10,Y
EVT-000408,LOAD-00408,TRIP-000408,receiver,2025-07-12 00:00:26.528835,2025-07-12 00:29:26.528835,51,N
EVT-000409,LOAD-00409,TRIP-000409,receiver,2025-07-13 02:00:44.937793,2025-07-13 01:43:44.937793,8,Y
EVT-000410,LOAD-00410,TRIP-000410,receiver,2025-07-13 00:00:36.712810,2025-07-13 00:18:36.712810,55,N
EVT-000411,LOAD-00411,TRIP-000411,receiver,2025-07-14 02:00:35.191858,2025-07-14 02:05:35.191858,6,N
EVT-000412,LOAD-00412,TRIP-000412,receiver,2025-07-10 22:00:40.603963,2025-07-10 22:37:40.603963,53,N
EVT-000413,LOAD-00413,TRIP-000413,receiver,2025-07-12 23:00:20.768679,2025-07-12 22:12:20.768679,13,Y
EVT-000414,LOAD-00414,TRIP-000414,receiver,2025-07-10 01:00:37.314709,2025-07-10 00:14:37.314709,13,Y
EVT-000415,LOAD-00415,TRIP-000415,receiver,2025-07-10 14:00:17.443159,2025-07-10 14:15:17.443159,10,N
EVT-000416,LOAD-00416,TRIP-000416,receiver,2025-07-21 00:00:42.364777,2025-07-20 23:33:42.364777,7,Y
EVT-000417,LOAD-00417,TRIP-000417,receiver,2025-07-22 02:00:10.729954,2025-07-22 01:33:10.729954,12,Y
EVT-000418,LOAD-00418,TRIP-000418,receiver,2025-07-17 23:00:16.929442,2025-07-17 22:50:16.929442,2,Y
EVT-000419,LOAD-00419,TRIP-000419,receiver,2025-07-20 01:00:38.221146,2025-07-20 00:54:38.221146,10,Y
EVT-000420,LOAD-00420,TRIP-000420,receiver,2025-07-19 21:00:05.882241,2025-07-19 20:14:05.882241,11,Y
EVT-000421,LOAD-00421,TRIP-000421,receiver,2025-07-21 02:00:56.655382,2025-07-21 01:47:56.655382,13,N
EVT-000422,LOAD-00422,TRIP-000422,receiver,2025-07-18 10:00:34.604231,2025-07-18 09:35:34.604231,0,Y
EVT-000423,LOAD-00423,TRIP-000423,receiver,2025-07-20 01:00:41.828984,2025-07-20 00:46:41.828984,2,Y
EVT-000424,LOAD-00424,TRIP-000424,receiver,2025-07-16 11:00:29.341379,2025-07-16 10:50:29.341379,17,Y
EVT-000425,LOAD-00425,TRIP-000425,receiver,2025-07-17 23:00:18.075961,2025-07-17 22:45:18.075961,15,N
EVT-000426,LOAD-00426,TRIP-000426,receiver,2025-07-16 22:00:18.463890,2025-07-16 22:04:18.463890,13,Y
EVT-000427,LOAD-00427,TRIP-000427,receiver,2025-07-17 12:00:15.261350,2025-07-17 12:15:15.261350,5,Y
EVT-000428,LOAD-00428,TRIP-000428,receiver,2025-07-28 21:00:52.385501,2025-07-28 21:08:52.385501,16,Y
EVT-000429,LOAD-00429,TRIP-000429,receiver,2025-07-30 13:00:30.728832,2025-07-30 12:20:30.728832,9,Y
EVT-000430,LOAD-00430,TRIP-000430,receiver,2025-07-23 20:00:35.907827,2025-07-23 19:47:35.907827,10,Y
EVT-000431,LOAD-00431,TRIP-000431,receiver,2025-07-25 03:00:15.111635,2025-07-25 02:29:15.111635,6,Y
EVT-000432,LOAD-00432,TRIP-000432,receiver,2025-07-27 22:00:26.316219,2025-07-27 22:19:26.316219,13,Y
EVT-000433,LOAD-00433,TRIP-000433,receiver,2025-07-30 00:00:38.911411,2025-07-29 23:42:38.911411,8,Y
EVT-000434,LOAD-00434,TRIP-000434,receiver,2025-07-25 20:00:07.496779,2025-07-25 19:59:07.496779,15,Y
EVT-000435,LOAD-00435,TRIP-000435,receiver,2025-07-26 14:00:55.551603,2025-07-26 13:43:55.551603,10,Y
EVT-000436,LOAD-00436,TRIP-000436,receiver,2025-07-26 22:00:36.365966,2025-07-26 21:47:36.365966,8,Y
EVT-000437,LOAD-00437,TRIP-000437,receiver,2025-07-27 16:00:07.355186,2025-07-27 15:49:07.355186,5,Y
EVT-000438,LOAD-00438,TRIP-000438,receiver,2025-07-23 23:00:08.377816,2025-07-23 23:14:08.377816,12,Y
EVT-000439,LOAD-00439,TRIP-000439,receiver,2025-07-25 02:00:20.352007,2025-07-25 01:38:20.352007,13,Y
EVT-000440,LOAD-00440,TRIP-000440,receiver,2025-07-30 21:00:15.195388,2025-07-30 21:07:15.195388,13,N
EVT-000441,LOAD-00441,TRIP-000441,receiver,2025-07-31 14:00:00.733435,2025-07-31 13:58:00.733435,4,Y
EVT-000442,LOAD-00442,TRIP-000442,receiver,2025-07-30 14:00:30.138852,2025-07-30 13:07:30.138852,6,Y
EVT-000443,LOAD-00443,TRIP-000443,receiver,2025-08-01 16:00:14.377643,2025-08-01 15:22:14.377643,11,Y
EVT-000444,LOAD-00444,TRIP-000444,receiver,2025-08-04 01:00:13.745092,2025-08-04 00:33:13.745092,8,Y
EVT-000445,LOAD-00445,TRIP-000445,receiver,2025-08-06 02:00:30.697194,2025-08-06 01:45:30.697194,6,Y
EVT-000446,LOAD-00446,TRIP-000446,receiver,2025-08-02 21:00:41.815890,2025-08-02 20:32:41.815890,5,Y
EVT-000447,LOAD-00447,TRIP-000447,receiver,2025-08-03 23:00:44.014626,2025-08-03 22:38:44.014626,9,N
EVT-000448,LOAD-00448,TRIP-000448,receiver,2025-08-10 10:00:46.960134,2025-08-10 09:43:46.960134,0,N
EVT-000449,LOAD-00449,TRIP-000449,receiver,2025-08-11 14:00:24.001648,2025-08-11 13:16:24.001648,8,Y
EVT-000450,LOAD-00450,TRIP-000450,receiver,2025-08-11 20:00:05.344576,2025-08-11 20:18:05.344576,44,N
EVT-000451,LOAD-00451,TRIP-000451,receiver,2025-08-10 22:00:31.478775,2025-08-10 22:49:31.478775,39,N
EVT-000452,LOAD-00452,TRIP-000452,receiver,2025-08-11 22:00:42.509612,2025-08-11 21:40:42.509612,15,Y
EVT-000453,LOAD-00453,TRIP-000453,receiver,2025-08-10 11:00:38.107834,2025-08-10 11:02:38.107834,12,Y
EVT-000454,LOAD-00454,TRIP-000454,receiver,2025-08-12 12:00:17.123362,2025-08-12 11:03:17.123362,3,Y
EVT-000455,LOAD-00455,TRIP-000455,receiver,2025-08-17 23:00:33.652954,2025-08-17 22:59:33.652954,57,N
EVT-000456,LOAD-00456,TRIP-000456,receiver,2025-08-18 16:00:17.503224,2025-08-18 15:21:17.503224,7,Y
EVT-000457,LOAD-00457,TRIP-000457,receiver,2025-08-14 23:00:09.872340,2025-08-14 23:21:09.872340,38,N
EVT-000458,LOAD-00458,TRIP-000458,receiver,2025-08-17 20:00:20.037018,2025-08-17 20:08:20.037018,13,Y
EVT-000459,LOAD-00459,TRIP-000459,receiver,2025-08-19 00:00:22.558255,2025-08-18 23:38:22.558255,10,N
EVT-000460,LOAD-00460,TRIP-000460,receiver,2025-08-18 20:00:22.999533,2025-08-18 20:02:22.999533,13,N
EVT-000461,LOAD-00461,TRIP-000461,receiver,2025-08-19 14:00:35.990212,2025-08-19 13:41:35.990212,16,Y
EVT-000462,LOAD-00462,TRIP-000462,receiver,2025-08-18 23:00:25.829838,2025-08-18 23:03:25.829838,45,N
EVT-000463,LOAD-00463,TRIP-000463,receiver,2025-08-21 00:00:39.292947,2025-08-20 23:31:39.292947,5,Y
EVT-000464,LOAD-00464,TRIP-000464,receiver,2025-08-12 10:00:14.781819,2025-08-12 09:56:14.781819,7,Y
EVT-000465,LOAD-00465,TRIP-000465,receiver,2025-08-14 14:00:23.638427,2025-08-14 14:09:23.638427,11,Y
EVT-000466,LOAD-00466,TRIP-000466,receiver,2025-08-21 21:00:05.499482,2025-08-21 21:19:05.499482,47,N
EVT-000467,LOAD-00467,TRIP-000467,receiver,2025-08-23 13:00:32.716887,2025-08-23 12:35:32.716887,10,Y
EVT-000468,LOAD-00468,TRIP-000468,receiver,2025-08-25 13:00:16.992434,2025-08-25 12:50:16.992434,2,Y
EVT-000469,LOAD-00469,TRIP-000469,receiver,2025-08-28 00:00:47.922951,2025-08-27 23:58:47.922951,8,Y
EVT-000470,LOAD-00470,TRIP-000470,receiver,2025-08-20 13:00:37.286594,2025-08-20 13:05:37.286594,7,N
EVT-000471,LOAD-00471,TRIP-000471,receiver,2025-08-21 23:00:33.019660,2025-08-21 22:44:33.019660,3,Y
EVT-000472,LOAD-00472,TRIP-000472,receiver,2025-08-19 23:00:40.533474,2025-08-19 23:35:40.533474,44,N
EVT-000473,LOAD-00473,TRIP-000473,receiver,2025-08-22 00:00:11.878125,2025-08-21 23:23:11.878125,8,Y
EVT-000474,LOAD-00474,TRIP-000474,receiver,2025-08-31 23:00:20.353190,2025-08-31 22:41:20.353190,19,Y
EVT-000475,LOAD-00475,TRIP-000475,receiver,2025-09-01 15:00:20.718471,2025-09-01 15:15:20.718471,15,Y
EVT-000476,LOAD-00476,TRIP-000476,receiver,2025-09-01 20:00:23.452137,2025-09-01 19:19:23.452137,10,Y
EVT-000477,LOAD-00477,TRIP-000477,receiver,2025-09-03 23:00:00.738543,2025-09-03 23:06:00.738543,12,Y
EVT-000478,LOAD-00478,TRIP-000478,receiver,2025-08-29 21:00:26.532869,2025-08-29 21:14:26.532869,4,Y
EVT-000479,LOAD-00479,TRIP-000479,receiver,2025-08-30 23:00:33.535635,2025-08-30 23:07:33.535635,11,Y
EVT-000480,LOAD-00480,TRIP-000480,receiver,2025-09-02 00:00:55.452403,2025-09-01 23:54:55.452403,4,Y
EVT-000481,LOAD-00481,TRIP-000481,receiver,2025-09-03 01:00:13.658579,2025-09-03 01:10:13.658579,5,Y
EVT-000482,LOAD-00482,TRIP-000482,receiver,2025-09-01 11:00:08.940276,2025-09-01 10:58:08.940276,6,Y
EVT-000483,LOAD-00483,TRIP-000483,receiver,2025-09-02 14:00:30.909285,2025-09-02 14:14:30.909285,6,Y
EVT-000484,LOAD-00484,TRIP-000484,receiver,2025-08-26 20:00:41.925279,2025-08-26 19:29:41.925279,11,Y
EVT-000485,LOAD-00485,TRIP-000485,receiver,2025-09-02 12:00:56.067525,2025-09-02 12:14:56.067525,13,N
EVT-000486,LOAD-00486,TRIP-000486,receiver,2025-09-03 23:00:59.318099,2025-09-03 23:10:59.318099,15,Y
EVT-000487,LOAD-00487,TRIP-000487,receiver,2025-09-05 23:00:09.611408,2025-09-05 22:47:09.611408,6,Y
EVT-000488,LOAD-00488,TRIP-000488,receiver,2025-09-07 23:00:43.963771,2025-09-07 22:59:43.963771,10,N
EVT-000489,LOAD-00489,TRIP-000489,receiver,2025-09-07 11:00:10.792629,2025-09-07 11:08:10.792629,9,N
EVT-000490,LOAD-00490,TRIP-000490,receiver,2025-09-10 01:00:58.879714,2025-09-10 01:15:58.879714,7,Y
EVT-000491,LOAD-00491,TRIP-000491,receiver,2025-09-04 13:00:17.398762,2025-09-04 12:50:17.398762,8,Y
EVT-000492,LOAD-00492,TRIP-000492,receiver,2025-09-07 01:00:13.749740,2025-09-07 00:53:13.749740,10,Y
EVT-000493,LOAD-00493,TRIP-000493,receiver,2025-09-03 23:00:53.598177,2025-09-03 22:22:53.598177,14,Y
EVT-000494,LOAD-00494,TRIP-000494,receiver,2025-09-05 12:00:14.227406,2025-09-05 11:58:14.227406,12,Y
EVT-000495,LOAD-00495,TRIP-000495,receiver,2025-09-05 11:00:24.750720,2025-09-05 10:33:24.750720,13,Y
EVT-000496,LOAD-00496,TRIP-000496,receiver,2025-09-07 02:00:00.668334,2025-09-07 01:24:00.668334,8,Y
EVT-000497,LOAD-00497,TRIP-000497,receiver,2025-09-12 21:00:44.868206,2025-09-12 21:21:44.868206,9,Y
EVT-000498,LOAD-00498,TRIP-000498,receiver,2025-09-14 03:00:22.511189,2025-09-14 02:08:22.511189,6,Y
EVT-000499,LOAD-00499,TRIP-000499,receiver,2025-09-15 23:00:24.277768,2025-09-15 22:44:24.277768,22,N
EVT-000500,LOAD-00500,TRIP-000500,receiver,2025-09-18 00:00:20.662934,2025-09-17 23:49:20.662934,11,Y
EVT-000501,LOAD-00501,TRIP-000501,receiver,2025-09-13 21:00:02.601622,2025-09-13 20:31:02.601622,6,Y
EVT-000502,LOAD-00502,TRIP-000502,receiver,2025-09-15 01:00:56.963210,2025-09-15 01:20:56.963210,18,Y
EVT-000503,LOAD-00503,TRIP-000503,receiver,2025-09-14 12:00:48.853963,2025-09-14 11:44:48.853963,13,Y
EVT-000504,LOAD-00504,TRIP-000504,receiver,2025-09-11 22:00:40.045110,2025-09-11 22:09:40.045110,11,Y
EVT-000505,LOAD-00505,TRIP-000505,receiver,2025-09-13 22:00:28.773744,2025-09-13 21:35:28.773744,10,Y
EVT-000506,LOAD-00506,TRIP-000506,receiver,2025-09-15 00:00:45.465276,2025-09-14 23:54:45.465276,39,N
EVT-000507,LOAD-00507,TRIP-000507,receiver,2025-09-16 02:00:24.642506,2025-09-16 01:19:24.642506,7,Y
EVT-000508,LOAD-00508,TRIP-000508,receiver,2025-09-16 10:00:56.298675,2025-09-16 09:39:56.298675,1,Y
EVT-000509,LOAD-00509,TRIP-000509,receiver,2025-09-19 02:00:16.764168,2025-09-19 01:28:16.764168,9,Y
EVT-000510,LOAD-00510,TRIP-000510,receiver,2025-09-22 22:00:46.074656,2025-09-22 21:47:46.074656,42,N
EVT-000511,LOAD-00511,TRIP-000511,receiver,2025-09-18 21:00:35.209702,2025-09-18 21:01:35.209702,7,Y
EVT-000512,LOAD-00512,TRIP-000512,receiver,2025-09-19 13:00:36.840212,2025-09-19 12:20:36.840212,3,Y
EVT-000513,LOAD-00513,TRIP-000513,receiver,2025-09-19 23:00:21.013474,2025-09-19 22:27:21.013474,5,Y
EVT-000514,LOAD-00514,TRIP-000514,receiver,2025-09-20 22:00:49.180872,2025-09-20 21:04:49.180872,12,N
EVT-000515,LOAD-00515,TRIP-000515,receiver,2025-09-18 21:00:18.796610,2025-09-18 20:27:18.796610,4,Y
EVT-000516,LOAD-00516,TRIP-000516,receiver,2025-09-20 01:00:25.837659,2025-09-20 00:27:25.837659,13,Y
EVT-000517,LOAD-00517,TRIP-000517,receiver,2025-09-18 21:00:23.751165,2025-09-18 20:32:23.751165,28,N
EVT-000518,LOAD-00518,TRIP-000518,receiver,2025-09-26 13:00:56.662542,2025-09-26 13:11:56.662542,9,Y
EVT-000519,LOAD-00519,TRIP-000519,receiver,2025-09-27 23:00:29.387232,2025-09-27 22:44:29.387232,8,Y
EVT-000520,LOAD-00520,TRIP-000520,receiver,2025-09-27 11:00:56.834342,2025-09-27 11:06:56.834342,9,Y
EVT-000521,LOAD-00521,TRIP-000521,receiver,2025-09-29 00:00:11.325107,2025-09-28 23:10:11.325107,12,N
EVT-000522,LOAD-00522,TRIP-000522,receiver,2025-09-23 22:00:03.890202,2025-09-23 21:14:03.890202,16,Y
EVT-000523,LOAD-00523,TRIP-000523,receiver,2025-09-24 15:00:37.738738,2025-09-24 14:40:37.738738,4,N
EVT-000524,LOAD-00524,TRIP-000524,receiver,2025-09-24 13:00:52.983576,2025-09-24 12:34:52.983576,10,Y
EVT-000525,LOAD-00525,TRIP-000525,receiver,2025-09-26 02:00:43.192214,2025-09-26 01:47:43.192214,19,Y
EVT-000526,LOAD-00526,TRIP-000526,receiver,2025-10-05 10:00:20.560429,2025-10-05 09:47:20.560429,13,N
EVT-000527,LOAD-00527,TRIP-000527,receiver,2025-10-07 23:00:34.602457,2025-10-07 22:44:34.602457,8,N
EVT-000528,LOAD-00528,TRIP-000528,receiver,2025-10-01 22:00:33.380251,2025-10-01 21:40:33.380251,11,Y
EVT-000529,LOAD-00529,TRIP-000529,receiver,2025-10-04 00:00:44.157630,2025-10-03 23:52:44.157630,10,Y
EVT-000530,LOAD-00530,TRIP-000530,receiver,2025-10-04 21:00:33.539992,2025-10-04 20:43:33.539992,13,Y
EVT-000531,LOAD-00531,TRIP-000531,receiver,2025-10-07 02:00:59.210014,2025-10-07 01:16:59.210014,5,Y
EVT-000532,LOAD-00532,TRIP-000532,receiver,2025-10-01 21:00:13.794133,2025-10-01 20:24:13.794133,4,Y
EVT-000533,LOAD-00533,TRIP-000533,receiver,2025-10-04 01:00:40.043474,2025-10-04 01:16:40.043474,11,Y
EVT-000534,LOAD-00534,TRIP-000534,receiver,2025-10-13 20:00:59.308139,2025-10-13 20:44:59.308139,61,N
EVT-000535,LOAD-00535,TRIP-000535,receiver,2025-10-16 00:00:23.832924,2025-10-15 23:08:23.832924,7,N
EVT-000536,LOAD-00536,TRIP-000536,receiver,2025-10-14 00:00:29.301999,2025-10-13 23:57:29.301999,2,Y
EVT-000537,LOAD-00537,TRIP-000537,receiver,2025-10-15 00:00:47.504611,2025-10-14 23:14:47.504611,4,N
EVT-000538,LOAD-00538,TRIP-000538,receiver,2025-10-11 23:00:46.574222,2025-10-11 22:34:46.574222,15,Y
EVT-000539,LOAD-00539,TRIP-000539,receiver,2025-10-14 00:00:49.459780,2025-10-13 23:57:49.459780,9,Y
EVT-000540,LOAD-00540,TRIP-000540,receiver,2025-10-09 23:00:59.827393,2025-10-09 22:44:59.827393,2,N
EVT-000541,LOAD-00541,TRIP-000541,receiver,2025-10-11 00:00:01.094509,2025-10-10 23:35:01.094509,11,Y
EVT-000542,LOAD-00542,TRIP-000542,receiver,2025-10-11 20:00:40.881007,2025-10-11 20:02:40.881007,8,Y
EVT-000543,LOAD-00543,TRIP-000543,receiver,2025-10-14 00:00:59.917489,2025-10-13 23:36:59.917489,6,Y
EVT-000544,LOAD-00544,TRIP-000544,receiver,2025-10-11 22:00:36.421872,2025-10-11 21:39:36.421872,41,N
EVT-000545,LOAD-00545,TRIP-000545,receiver,2025-10-13 13:00:20.217243,2025-10-13 12:47:20.217243,5,Y
EVT-000546,LOAD-00546,TRIP-000546,receiver,2025-10-19 01:00:34.996151,2025-10-19 01:22:34.996151,38,N
EVT-000547,LOAD-00547,TRIP-000547,receiver,2025-10-20 01:00:00.901904,2025-10-20 00:18:00.901904,1,Y
EVT-000548,LOAD-00548,TRIP-000548,receiver,2025-10-16 21:00:29.802814,2025-10-16 20:59:29.802814,11,Y
EVT-000549,LOAD-00549,TRIP-000549,receiver,2025-10-18 23:00:16.200599,2025-10-18 22:48:16.200599,8,Y
EVT-000550,LOAD-00550,TRIP-000550,receiver,2025-10-16 11:00:32.934447,2025-10-16 11:07:32.934447,18,Y
EVT-000551,LOAD-00551,TRIP-000551,receiver,2025-10-19 23:00:24.167260,2025-10-19 22:48:24.167260,33,N
EVT-000552,LOAD-00552,TRIP-000552,receiver,2025-10-20 23:00:02.038621,2025-10-20 23:18:02.038621,15,Y
EVT-000553,LOAD-00553,TRIP-000553,receiver,2025-10-27 22:00:38.047211,2025-10-27 21:44:38.047211,3,Y
EVT-000554,LOAD-00554,TRIP-000554,receiver,2025-10-28 23:00:22.885019,2025-10-28 22:50:22.885019,11,Y
EVT-000555,LOAD-00555,TRIP-000555,receiver,2025-10-22 20:00:41.429099,2025-10-22 20:31:41.429099,41,N
EVT-000556,LOAD-00556,TRIP-000556,receiver,2025-10-24 23:00:32.828048,2025-10-24 22:56:32.828048,8,Y
EVT-000557,LOAD-00557,TRIP-000557,receiver,2025-10-26 23:00:39.185041,2025-10-26 23:01:39.185041,12,Y
EVT-000558,LOAD-00558,TRIP-000558,receiver,2025-10-27 12:00:57.229736,2025-10-27 11:31:57.229736,12,Y
EVT-000559,LOAD-00559,TRIP-000559,receiver,2025-10-25 20:00:49.489088,2025-10-25 19:55:49.489088,14,Y
EVT-000560,LOAD-00560,TRIP-000560,receiver,2025-10-27 00:00:28.451689,2025-10-26 23:14:28.451689,9,Y
EVT-000561,LOAD-00561,TRIP-000561,receiver,2025-10-22 00:00:08.595136,2025-10-22 00:10:08.595136,15,Y
EVT-000562,LOAD-00562,TRIP-000562,receiver,2025-10-22 15:00:54.671506,2025-10-22 14:38:54.671506,10,Y
EVT-000563,LOAD-00563,TRIP-000563,receiver,2025-10-23 10:00:03.810904,2025-10-23 10:08:03.810904,16,Y
EVT-000564,LOAD-00564,TRIP-000564,receiver,2025-10-25 00:00:49.995354,2025-10-24 23:11:49.995354,7,N
EVT-000565,LOAD-00565,TRIP-000565,receiver,2025-10-29 22:00:36.783861,2025-10-29 23:06:36.783861,59,N
EVT-000566,LOAD-00566,TRIP-000566,receiver,2025-11-01 00:00:25.316299,2025-10-31 23:52:25.316299,11,Y
EVT-000567,LOAD-00567,TRIP-000567,receiver,2025-11-02 00:00:41.750495,2025-11-02 00:02:41.750495,8,Y
EVT-000568,LOAD-00568,TRIP-000568,receiver,2025-11-03 02:00:24.101620,2025-11-03 02:02:24.101620,10,N
EVT-000569,LOAD-00569,TRIP-000569,receiver,2025-10-28 22:00:30.419183,2025-10-28 21:56:30.419183,39,N
EVT-000570,LOAD-00570,TRIP-000570,receiver,2025-10-29 23:00:31.537098,2025-10-29 23:11:31.537098,9,Y
EVT-000571,LOAD-00571,TRIP-000571,receiver,2025-11-01 00:00:25.112434,2025-10-31 23:25:25.112434,14,Y
EVT-000572,LOAD-00572,TRIP-000572,receiver,2025-11-02 14:00:49.539264,2025-11-02 13:23:49.539264,9,Y
EVT-000573,LOAD-00573,TRIP-000573,receiver,2025-10-29 21:00:47.129986,2025-10-29 20:50:47.129986,13,Y
EVT-000574,LOAD-00574,TRIP-000574,receiver,2025-11-01 00:00:58.581782,2025-11-01 00:17:58.581782,14,Y
EVT-000575,LOAD-00575,TRIP-000575,receiver,2025-11-03 00:00:21.422184,2025-11-02 23:53:21.422184,2,Y
EVT-000576,LOAD-00576,TRIP-000576,receiver,2025-11-03 15:00:19.732488,2025-11-03 14:51:19.732488,4,Y
EVT-000577,LOAD-00577,TRIP-000577,receiver,2025-11-05 11:00:37.983853,2025-11-05 10:36:37.983853,11,Y
EVT-000578,LOAD-00578,TRIP-000578,receiver,2025-11-08 00:00:42.433301,2025-11-07 23:46:42.433301,11,Y
EVT-000579,LOAD-00579,TRIP-000579,receiver,2025-11-06 21:00:52.269372,2025-11-06 21:08:52.269372,9,Y
EVT-000580,LOAD-00580,TRIP-000580,receiver,2025-11-07 22:00:47.415409,2025-11-07 21:44:47.415409,8,Y
EVT-000581,LOAD-00581,TRIP-000581,receiver,2025-11-16 20:00:12.242539,2025-11-16 19:55:12.242539,8,Y
EVT-000582,LOAD-00582,TRIP-000582,receiver,2025-11-17 23:00:01.446684,2025-11-17 22:41:01.446684,5,Y
EVT-000583,LOAD-00583,TRIP-000583,receiver,2025-11-16 21:00:07.319352,2025-11-16 20:27:07.319352,7,Y
EVT-000584,LOAD-00584,TRIP-000584,receiver,2025-11-21 23:00:06.833788,2025-11-21 22:36:06.833788,10,Y
EVT-000585,LOAD-00585,TRIP-000585,receiver,2025-11-22 22:00:53.113887,2025-11-22 22:04:53.113887,16,Y
EVT-000586,LOAD-00586,TRIP-000586,receiver,2025-11-24 14:00:08.906105,2025-11-24 13:17:08.906105,11,Y
EVT-000587,LOAD-00587,TRIP-000587,receiver,2025-11-26 13:00:33.075198,2025-11-26 12:27:33.075198,9,Y
EVT-000588,LOAD-00588,TRIP-000588,receiver,2025-12-02 00:00:45.727648,2025-12-02 00:24:45.727648,25,N
EVT-000589,LOAD-00589,TRIP-000589,receiver,2025-12-04 01:00:36.226075,2025-12-04 00:53:36.226075,8,Y
EVT-000590,LOAD-00590,TRIP-000590,receiver,2025-11-27 20:00:47.692027,2025-11-27 20:09:47.692027,47,N
EVT-000591,LOAD-00591,TRIP-000591,receiver,2025-11-25 20:00:44.866416,2025-11-25 19:56:44.866416,8,Y
EVT-000592,LOAD-00592,TRIP-000592,receiver,2025-11-28 01:00:49.860697,2025-11-28 01:05:49.860697,10,Y
EVT-000593,LOAD-00593,TRIP-000593,receiver,2025-11-27 11:00:16.169197,2025-11-27 10:49:16.169197,14,Y
EVT-000594,LOAD-00594,TRIP-000594,receiver,2025-11-29 13:00:09.572810,2025-11-29 12:32:09.572810,7,N
EVT-000595,LOAD-00595,TRIP-000595,receiver,2025-12-04 01:00:48.041263,2025-12-04 00:16:48.041263,11,Y
EVT-000596,LOAD-00596,TRIP-000596,receiver,2025-12-05 02:00:51.231652,2025-12-05 01:38:51.231652,15,Y
EVT-000597,LOAD-00597,TRIP-000597,receiver,2025-12-08 22:00:40.570775,2025-12-08 21:51:40.570775,12,Y
EVT-000598,LOAD-00598,TRIP-000598,receiver,2025-12-05 20:00:14.583796,2025-12-05 20:55:14.583796,48,N
EVT-000599,LOAD-00599,TRIP-000599,receiver,2025-12-07 14:00:46.883430,2025-12-07 13:55:46.883430,5,Y
EVT-000600,LOAD-00600,TRIP-000600,receiver,2025-12-07 00:00:50.993857,2025-12-07 00:17:50.993857,11,N
EVT-000601,LOAD-00601,TRIP-000601,receiver,2025-12-09 01:00:24.416263,2025-12-09 00:21:24.416263,15,Y
EVT-000602,LOAD-00602,TRIP-000602,receiver,2025-12-09 20:00:22.390181,2025-12-09 20:17:22.390181,9,Y
EVT-000603,LOAD-00603,TRIP-000603,receiver,2025-12-10 16:00:01.985676,2025-12-10 15:31:01.985676,11,Y
EVT-000604,LOAD-00604,TRIP-000604,receiver,2025-12-11 20:00:09.349591,2025-12-11 19:32:09.349591,2,Y
EVT-000605,LOAD-00605,TRIP-000605,receiver,2025-12-13 00:00:31.756400,2025-12-13 00:00:31.756400,12,N
EVT-000606,LOAD-00606,TRIP-000606,receiver,2025-12-16 23:00:57.032655,2025-12-16 23:31:57.032655,59,N
EVT-000607,LOAD-00607,TRIP-000607,receiver,2025-12-18 00:00:21.153392,2025-12-17 23:43:21.153392,14,Y
EVT-000608,LOAD-00608,TRIP-000608,receiver,2025-12-21 21:00:10.547773,2025-12-21 20:36:10.547773,8,Y
EVT-000609,LOAD-00609,TRIP-000609,receiver,2025-12-26 23:00:52.353580,2025-12-26 22:25:52.353580,7,Y
EVT-000610,LOAD-00610,TRIP-000610,receiver,2025-12-29 00:00:59.063559,2025-12-28 23:35:59.063559,12,Y
EVT-000611,LOAD-00611,TRIP-000611,receiver,2025-12-27 10:00:32.244588,2025-12-27 09:39:32.244588,8,Y
EVT-000612,LOAD-00612,TRIP-000612,receiver,2025-12-23 11:00:13.683299,2025-12-23 10:45:13.683299,7,Y
EVT-000613,LOAD-00613,TRIP-000613,receiver,2025-12-25 22:00:47.396759,2025-12-25 21:36:47.396759,5,Y
EVT-000614,LOAD-00614,TRIP-000614,receiver,2025-12-25 13:00:46.440655,2025-12-25 12:57:46.440655,9,Y
EVT-000615,LOAD-00615,TRIP-000615,receiver,2025-12-27 13:00:49.615820,2025-12-27 12:57:49.615820,14,Y
EVT-000616,LOAD-00616,TRIP-000616,receiver,2026-01-01 22:00:01.119981,2026-01-01 21:32:01.119981,11,Y
EVT-000617,LOAD-00617,TRIP-000617,receiver,2026-01-03 01:00:37.985052,2026-01-03 01:04:37.985052,15,Y
EVT-000618,LOAD-00618,TRIP-000618,receiver,2026-01-01 23:00:47.918767,2026-01-01 23:14:47.918767,9,N
EVT-000619,LOAD-00619,TRIP-000619,receiver,2026-01-03 22:00:45.782017,2026-01-03 21:34:45.782017,13,Y
EVT-000620,LOAD-00620,TRIP-000620,receiver,2026-01-08 13:00:32.859149,2026-01-08 13:01:32.859149,12,Y
EVT-000621,LOAD-00621,TRIP-000621,receiver,2026-01-11 02:00:45.555516,2026-01-11 01:13:45.555516,10,Y
EVT-000622,LOAD-00622,TRIP-000622,receiver,2026-01-06 20:00:54.000160,2026-01-06 20:19:54.000160,12,Y
EVT-000623,LOAD-00623,TRIP-000623,receiver,2026-01-09 01:00:27.977875,2026-01-09 00:15:27.977875,13,Y
EVT-000624,LOAD-00624,TRIP-000624,receiver,2026-01-17 23:00:03.037985,2026-01-17 22:26:03.037985,3,Y
EVT-000625,LOAD-00625,TRIP-000625,receiver,2026-01-18 16:00:55.068265,2026-01-18 15:57:55.068265,9,Y
EVT-000626,LOAD-00626,TRIP-000626,receiver,2026-01-18 21:00:01.693912,2026-01-18 20:58:01.693912,10,Y
EVT-000627,LOAD-00627,TRIP-000627,receiver,2026-01-24 21:00:25.235953,2026-01-24 21:11:25.235953,16,Y
EVT-000628,LOAD-00628,TRIP-000628,receiver,2026-01-27 00:00:27.538196,2026-01-26 23:58:27.538196,10,Y
EVT-000629,LOAD-00629,TRIP-000629,receiver,2026-01-20 21:00:23.074853,2026-01-20 20:38:23.074853,17,Y
EVT-000630,LOAD-00630,TRIP-000630,receiver,2026-01-21 16:00:50.548281,2026-01-21 15:24:50.548281,11,Y
EVT-000631,LOAD-00631,TRIP-000631,receiver,2026-01-27 23:00:44.694080,2026-01-27 23:23:44.694080,30,N
EVT-000632,LOAD-00632,TRIP-000632,receiver,2026-01-29 01:00:15.413668,2026-01-29 00:43:15.413668,8,Y
EVT-000633,LOAD-00633,TRIP-000633,receiver,2026-01-31 00:00:17.520757,2026-01-30 23:41:17.520757,10,Y
EVT-000634,LOAD-00634,TRIP-000634,receiver,2026-02-01 14:00:31.480088,2026-02-01 13:38:31.480088,0,Y
EVT-000635,LOAD-00635,TRIP-000635,receiver,2026-02-07 00:00:22.737330,2026-02-06 23:45:22.737330,37,N
EVT-000636,LOAD-00636,TRIP-000636,receiver,2026-02-08 01:00:24.326169,2026-02-08 01:00:24.326169,1,Y
EVT-000637,LOAD-00637,TRIP-000637,receiver,2026-02-05 20:00:28.387023,2026-02-05 20:42:28.387023,31,N
EVT-000638,LOAD-00638,TRIP-000638,receiver,2026-02-08 01:00:56.411598,2026-02-08 00:15:56.411598,4,Y
EVT-000639,LOAD-00639,TRIP-000639,receiver,2026-02-07 13:00:08.533824,2026-02-07 12:18:08.533824,0,Y
EVT-000640,LOAD-00640,TRIP-000640,receiver,2026-02-09 16:00:05.458841,2026-02-09 15:16:05.458841,9,Y
EVT-000641,LOAD-00641,TRIP-000641,receiver,2026-02-09 14:00:58.769828,2026-02-09 13:29:58.769828,16,Y
EVT-000642,LOAD-00642,TRIP-000642,receiver,2026-02-11 14:00:17.935210,2026-02-11 13:09:17.935210,10,Y
EVT-000643,LOAD-00643,TRIP-000643,receiver,2026-02-11 22:00:35.309140,2026-02-11 21:17:35.309140,1,N
EVT-000644,LOAD-00644,TRIP-000644,receiver,2026-02-12 13:00:31.743105,2026-02-12 13:00:31.743105,8,Y
EVT-000645,LOAD-00645,TRIP-000645,receiver,2026-02-11 20:00:13.084880,2026-02-11 20:19:13.084880,20,Y
EVT-000646,LOAD-00646,TRIP-000646,receiver,2026-02-14 02:00:13.310138,2026-02-14 01:21:13.310138,2,Y
EVT-000647,LOAD-00647,TRIP-000647,receiver,2026-02-18 22:00:41.351407,2026-02-18 22:02:41.351407,3,Y
EVT-000648,LOAD-00648,TRIP-000648,receiver,2026-02-17 22:00:03.127092,2026-02-17 21:42:03.127092,6,Y
EVT-000649,LOAD-00649,TRIP-000649,receiver,2026-02-22 23:00:04.435163,2026-02-22 22:49:04.435163,40,N
EVT-000650,LOAD-00650,TRIP-000650,receiver,2026-02-18 21:00:30.819166,2026-02-18 21:53:30.819166,73,N
EVT-000651,LOAD-00651,TRIP-000651,receiver,2026-02-20 00:00:42.923345,2026-02-19 23:52:42.923345,14,Y
EVT-000652,LOAD-00652,TRIP-000652,receiver,2026-02-25 20:00:19.190521,2026-02-25 20:44:19.190521,29,N
EVT-000653,LOAD-00653,TRIP-000653,receiver,2026-02-27 03:00:58.805056,2026-02-27 03:00:58.805056,7,Y
EVT-000654,LOAD-00654,TRIP-000654,receiver,2026-03-02 13:00:02.967422,2026-03-02 12:46:02.967422,3,Y
EVT-000655,LOAD-00655,TRIP-000655,receiver,2026-03-04 14:00:14.105921,2026-03-04 13:52:14.105921,7,Y
EVT-000656,LOAD-00656,TRIP-000656,receiver,2026-03-03 21:00:07.323837,2026-03-03 21:05:07.323837,15,Y
EVT-000657,LOAD-00657,TRIP-000657,receiver,2026-03-06 00:00:47.026111,2026-03-05 23:33:47.026111,12,Y
EVT-000658,LOAD-00658,TRIP-000658,receiver,2026-03-06 22:00:32.652076,2026-03-06 22:11:32.652076,5,N
EVT-000659,LOAD-00659,TRIP-000659,receiver,2026-03-10 00:00:57.089291,2026-03-09 23:38:57.089291,6,Y
EVT-000660,LOAD-00660,TRIP-000660,receiver,2026-03-11 00:00:24.281235,2026-03-11 00:01:24.281235,8,Y
EVT-000661,LOAD-00661,TRIP-000661,receiver,2026-03-04 20:00:15.667605,2026-03-04 19:52:15.667605,3,Y
EVT-000662,LOAD-00662,TRIP-000662,receiver,2026-03-16 23:00:14.922926,2026-03-16 22:41:14.922926,10,Y
EVT-000663,LOAD-00663,TRIP-000663,receiver,2026-03-19 02:00:14.266319,2026-03-19 01:17:14.266319,12,Y
EVT-000664,LOAD-00664,TRIP-000664,receiver,2026-03-16 22:00:52.370484,2026-03-16 22:21:52.370484,52,N
EVT-000665,LOAD-00665,TRIP-000665,receiver,2026-03-18 16:00:45.905503,2026-03-18 15:33:45.905503,11,Y
EVT-000666,LOAD-00666,TRIP-000666,receiver,2026-03-10 22:00:30.189455,2026-03-10 22:10:30.189455,55,N
EVT-000667,LOAD-00667,TRIP-000667,receiver,2026-03-12 01:00:34.480972,2026-03-12 00:25:34.480972,7,Y
EVT-000668,LOAD-00668,TRIP-000668,receiver,2026-03-10 20:00:02.077970,2026-03-10 19:32:02.077970,16,Y
EVT-000669,LOAD-00669,TRIP-000669,receiver,2026-03-11 12:00:08.902390,2026-03-11 11:41:08.902390,10,Y
EVT-000670,LOAD-00670,TRIP-000670,receiver,2026-03-23 00:00:47.983962,2026-03-22 23:48:47.983962,15,Y
EVT-000671,LOAD-00671,TRIP-000671,receiver,2026-03-24 22:00:28.855574,2026-03-24 21:48:28.855574,4,N
EVT-000672,LOAD-00672,TRIP-000672,receiver,2026-03-23 12:00:04.362871,2026-03-23 11:38:04.362871,7,Y
EVT-000673,LOAD-00673,TRIP-000673,receiver,2026-03-26 02:00:51.428884,2026-03-26 01:20:51.428884,3,Y
EVT-000674,LOAD-00674,TRIP-000674,receiver,2026-03-29 20:00:51.218424,2026-03-29 19:35:51.218424,11,Y
EVT-000675,LOAD-00675,TRIP-000675,receiver,2026-03-30 23:00:14.360363,2026-03-30 23:06:14.360363,12,Y
EVT-000676,LOAD-00676,TRIP-000676,receiver,2026-04-01 23:00:14.687586,2026-04-01 22:36:14.687586,15,Y
EVT-000677,LOAD-00677,TRIP-000677,receiver,2026-03-30 21:00:12.359364,2026-03-30 20:48:12.359364,56,N
EVT-000678,LOAD-00678,TRIP-000678,receiver,2026-03-26 21:00:51.657605,2026-03-26 20:31:51.657605,0,Y
EVT-000679,LOAD-00679,TRIP-000679,receiver,2026-03-28 00:00:47.150056,2026-03-27 23:16:47.150056,8,Y
EVT-000680,LOAD-00680,TRIP-000680,receiver,2026-03-31 21:00:13.551273,2026-03-31 20:17:13.551273,9,Y
EVT-000681,LOAD-00681,TRIP-000681,receiver,2026-04-03 00:00:13.499251,2026-04-02 23:38:13.499251,1,Y
EVT-000682,LOAD-00682,TRIP-000682,receiver,2026-03-31 12:00:31.897273,2026-03-31 11:20:31.897273,9,Y
EVT-000683,LOAD-00683,TRIP-000683,receiver,2026-04-02 22:00:07.563124,2026-04-02 22:00:07.563124,12,Y
EVT-000684,LOAD-00684,TRIP-000684,receiver,2026-04-01 21:00:04.088675,2026-04-01 21:05:04.088675,56,N
EVT-000685,LOAD-00685,TRIP-000685,receiver,2026-04-04 00:00:59.570734,2026-04-03 23:53:59.570734,11,Y
EVT-000686,LOAD-00686,TRIP-000686,receiver,2026-04-13 21:00:15.109799,2026-04-13 21:24:15.109799,13,Y
EVT-000687,LOAD-00687,TRIP-000687,receiver,2026-04-15 02:00:31.943059,2026-04-15 01:40:31.943059,17,Y
EVT-000688,LOAD-00688,TRIP-000688,receiver,2026-04-12 20:00:18.592320,2026-04-12 19:36:18.592320,8,Y
EVT-000689,LOAD-00689,TRIP-000689,receiver,2026-04-14 13:00:32.565881,2026-04-14 12:51:32.565881,4,Y
EVT-000690,LOAD-00690,TRIP-000690,receiver,2026-04-10 22:00:01.396645,2026-04-10 21:38:01.396645,9,Y
EVT-000691,LOAD-00691,TRIP-000691,receiver,2026-04-12 22:00:21.973697,2026-04-12 21:51:21.973697,2,Y
EVT-000692,LOAD-00692,TRIP-000692,receiver,2026-04-07 21:00:22.923699,2026-04-07 22:07:22.923699,58,N
EVT-000693,LOAD-00693,TRIP-000693,receiver,2026-04-09 23:00:22.425303,2026-04-09 22:45:22.425303,15,Y
EVT-000694,LOAD-00694,TRIP-000694,receiver,2026-04-19 13:00:44.912762,2026-04-19 12:19:44.912762,6,N
EVT-000695,LOAD-00695,TRIP-000695,receiver,2026-04-21 14:00:10.298482,2026-04-21 14:07:10.298482,6,Y
EVT-000696,LOAD-00696,TRIP-000696,receiver,2026-04-15 23:00:30.585512,2026-04-15 22:22:30.585512,15,Y
EVT-000697,LOAD-00697,TRIP-000697,receiver,2026-04-20 23:00:13.228687,2026-04-20 22:41:13.228687,16,Y
EVT-000698,LOAD-00698,TRIP-000698,receiver,2026-04-22 22:00:54.552479,2026-04-22 21:46:54.552479,5,Y
EVT-000699,LOAD-00699,TRIP-000699,receiver,2026-04-15 21:00:40.046410,2026-04-15 21:13:40.046410,13,Y
EVT-000700,LOAD-00700,TRIP-000700,receiver,2026-04-17 22:00:58.496711,2026-04-17 21:29:58.496711,4,Y
EVT-000701,LOAD-00701,TRIP-000701,receiver,2026-04-19 01:00:42.843995,2026-04-19 00:14:42.843995,0,Y
EVT-000702,LOAD-00702,TRIP-000702,receiver,2026-04-17 11:00:27.956164,2026-04-17 11:22:27.956164,14,Y
EVT-000703,LOAD-00703,TRIP-000703,receiver,2026-04-20 01:00:20.845229,2026-04-20 01:04:20.845229,15,Y
EVT-000704,LOAD-00704,TRIP-000704,receiver,2026-04-25 11:00:47.286320,2026-04-25 11:10:47.286320,12,Y
EVT-000705,LOAD-00705,TRIP-000705,receiver,2026-04-27 02:00:01.424787,2026-04-27 01:19:01.424787,6,Y
EVT-000706,LOAD-00706,TRIP-000706,receiver,2026-04-23 22:00:22.846936,2026-04-23 22:10:22.846936,51,N
EVT-000707,LOAD-00707,TRIP-000707,receiver,2026-04-25 23:00:25.807935,2026-04-25 22:28:25.807935,7,Y
EVT-000708,LOAD-00708,TRIP-000708,receiver,2026-04-26 12:00:02.982786,2026-04-26 12:02:02.982786,1,Y
EVT-000709,LOAD-00709,TRIP-000709,receiver,2026-04-25 22:00:43.268322,2026-04-25 21:42:43.268322,10,N
EVT-000710,LOAD-00710,TRIP-000710,receiver,2026-05-04 12:00:32.102993,2026-05-04 11:12:32.102993,8,Y
EVT-000711,LOAD-00711,TRIP-000711,receiver,2026-05-07 00:00:47.459213,2026-05-07 00:00:47.459213,8,Y
EVT-000712,LOAD-00712,TRIP-000712,receiver,2026-05-03 10:00:50.533882,2026-05-03 09:49:50.533882,3,N
EVT-000713,LOAD-00713,TRIP-000713,receiver,2026-05-05 22:00:03.088478,2026-05-05 21:17:03.088478,13,N
EVT-000714,LOAD-00714,TRIP-000714,receiver,2026-05-01 20:00:18.715696,2026-05-01 20:07:18.715696,5,Y
EVT-000715,LOAD-00715,TRIP-000715,receiver,2026-05-04 01:00:50.155148,2026-05-04 00:38:50.155148,13,N
EVT-000716,LOAD-00716,TRIP-000716,receiver,2026-04-30 21:00:08.110112,2026-04-30 21:06:08.110112,53,N
EVT-000717,LOAD-00717,TRIP-000717,receiver,2026-05-05 22:00:02.392608,2026-05-05 21:34:02.392608,10,Y
EVT-000718,LOAD-00718,TRIP-000718,receiver,2026-05-07 21:00:40.735400,2026-05-07 21:13:40.735400,2,Y
EVT-000719,LOAD-00719,TRIP-000719,receiver,2026-05-09 02:00:07.820846,2026-05-09 01:48:07.820846,17,Y
EVT-000720,LOAD-00720,TRIP-000720,receiver,2026-05-09 11:00:27.339865,2026-05-09 10:33:27.339865,12,Y
EVT-000721,LOAD-00721,TRIP-000721,receiver,2026-05-11 14:00:17.153617,2026-05-11 13:37:17.153617,12,N
EVT-000722,LOAD-00722,TRIP-000722,receiver,2026-05-07 12:00:50.707373,2026-05-07 11:37:50.707373,8,Y
EVT-000723,LOAD-00723,TRIP-000723,receiver,2026-05-08 13:00:22.138166,2026-05-08 13:26:22.138166,13,Y
EVT-000724,LOAD-00724,TRIP-000724,receiver,2026-05-14 00:00:16.079224,2026-05-14 00:25:16.079224,38,N
EVT-000725,LOAD-00725,TRIP-000725,receiver,2026-05-12 21:00:30.838047,2026-05-12 21:07:30.838047,16,Y
EVT-000726,LOAD-00726,TRIP-000726,receiver,2026-05-14 02:00:18.347582,2026-05-14 01:27:18.347582,6,N
EVT-000727,LOAD-00727,TRIP-000727,receiver,2026-05-16 22:00:43.563283,2026-05-16 22:53:43.563283,64,N
EVT-000728,LOAD-00728,TRIP-000728,receiver,2026-05-16 23:00:50.463011,2026-05-16 23:19:50.463011,8,Y
EVT-000729,LOAD-00729,TRIP-000729,receiver,2026-05-18 01:00:45.871050,2026-05-18 00:53:45.871050,10,N
EVT-000730,LOAD-00730,TRIP-000730,receiver,2026-05-12 22:00:09.952454,2026-05-12 22:43:09.952454,56,N
EVT-000731,LOAD-00731,TRIP-000731,receiver,2026-05-16 14:00:31.340466,2026-05-16 13:26:31.340466,15,Y
EVT-000732,LOAD-00732,TRIP-000732,receiver,2026-05-17 12:00:36.528536,2026-05-17 11:54:36.528536,3,Y
EVT-000733,LOAD-00733,TRIP-000733,receiver,2026-05-23 22:00:30.847833,2026-05-23 22:27:30.847833,17,Y
EVT-000734,LOAD-00734,TRIP-000734,receiver,2026-05-24 23:00:30.026123,2026-05-24 23:05:30.026123,15,Y
EVT-000735,LOAD-00735,TRIP-000735,receiver,2026-05-23 12:00:13.919831,2026-05-23 11:33:13.919831,13,N
EVT-000736,LOAD-00736,TRIP-000736,receiver,2026-05-25 01:00:58.713410,2026-05-25 00:17:58.713410,16,Y
EVT-000737,LOAD-00737,TRIP-000737,receiver,2026-05-22 23:00:18.868470,2026-05-22 22:14:18.868470,2,Y
EVT-000738,LOAD-00738,TRIP-000738,receiver,2026-05-23 12:00:47.227705,2026-05-23 12:08:47.227705,6,Y
EVT-000739,LOAD-00739,TRIP-000739,receiver,2026-05-22 22:00:53.701361,2026-05-22 23:09:53.701361,52,N
EVT-000740,LOAD-00740,TRIP-000740,receiver,2026-05-23 23:00:24.101579,2026-05-23 22:40:24.101579,7,Y
EVT-000741,LOAD-00741,TRIP-000741,receiver,2026-05-29 11:00:02.039355,2026-05-29 10:51:02.039355,6,Y
EVT-000742,LOAD-00742,TRIP-000742,receiver,2026-05-31 03:00:31.463827,2026-05-31 02:18:31.463827,6,N
EVT-000743,LOAD-00743,TRIP-000743,receiver,2026-05-28 22:00:11.241942,2026-05-28 21:30:11.241942,33,N
EVT-000744,LOAD-00744,TRIP-000744,receiver,2026-05-31 01:00:54.103201,2026-05-31 00:34:54.103201,9,Y
EVT-000745,LOAD-00745,TRIP-000745,receiver,2026-05-27 01:00:31.468831,2026-05-27 01:36:31.468831,62,N
EVT-000746,LOAD-00746,TRIP-000746,receiver,2026-05-29 00:00:06.288408,2026-05-28 23:01:06.288408,7,Y
EVT-000747,LOAD-00747,TRIP-000747,receiver,2026-06-01 21:00:04.808678,2026-06-01 20:11:04.808678,5,Y
EVT-000748,LOAD-00748,TRIP-000748,receiver,2026-06-03 00:00:39.757458,2026-06-02 23:49:39.757458,7,Y
EVT-000749,LOAD-00749,TRIP-000749,receiver,2026-06-03 00:00:25.271128,2026-06-02 23:38:25.271128,10,Y
EVT-000750,LOAD-00750,TRIP-000750,receiver,2026-06-04 22:00:04.606787,2026-06-04 21:57:04.606787,0,Y
EVT-000751,LOAD-00751,TRIP-000751,receiver,2026-06-06 21:00:18.408865,2026-06-06 20:04:18.408865,7,N
EVT-000752,LOAD-00752,TRIP-000752,receiver,2026-06-07 14:00:38.878553,2026-06-07 13:23:38.878553,10,N
EVT-000753,LOAD-00753,TRIP-000753,receiver,2026-06-07 21:00:23.986567,2026-06-07 21:36:23.986567,41,N
EVT-000754,LOAD-00754,TRIP-000754,receiver,2026-06-04 21:00:10.423689,2026-06-04 20:26:10.423689,7,Y
EVT-000755,LOAD-00755,TRIP-000755,receiver,2026-06-05 22:00:23.392508,2026-06-05 22:15:23.392508,12,Y
EVT-000756,LOAD-00756,TRIP-000756,receiver,2026-06-09 23:00:56.519157,2026-06-09 22:37:56.519157,12,Y
EVT-000757,LOAD-00757,TRIP-000757,receiver,2026-06-12 23:00:26.072755,2026-06-12 22:55:26.072755,6,Y
EVT-000758,LOAD-00758,TRIP-000758,receiver,2026-06-13 15:00:19.418019,2026-06-13 14:52:19.418019,11,Y
EVT-000759,LOAD-00759,TRIP-000759,receiver,2026-06-09 10:00:21.206794,2026-06-09 10:13:21.206794,2,Y
EVT-000760,LOAD-00760,TRIP-000760,receiver,2026-06-12 00:00:19.447928,2026-06-11 23:25:19.447928,15,Y
EVT-000761,LOAD-00761,TRIP-000761,receiver,2026-06-11 23:00:29.253551,2026-06-11 22:52:29.253551,58,N
EVT-000762,LOAD-00762,TRIP-000762,receiver,2026-06-15 21:00:16.536531,2026-06-15 21:13:16.536531,17,Y
EVT-000763,LOAD-00763,TRIP-000763,receiver,2026-06-17 12:00:26.021116,2026-06-17 12:00:26.021116,7,Y
EVT-000764,LOAD-00764,TRIP-000764,receiver,2026-06-12 22:00:20.008280,2026-06-12 21:32:20.008280,0,Y
EVT-000765,LOAD-00765,TRIP-000765,receiver,2026-06-15 01:00:54.384838,2026-06-15 01:08:54.384838,5,Y
EVT-000766,LOAD-00766,TRIP-000766,receiver,2026-06-22 13:00:45.039643,2026-06-22 12:11:45.039643,4,Y
EVT-000767,LOAD-00767,TRIP-000767,receiver,2026-06-25 01:00:35.549523,2026-06-25 00:43:35.549523,10,Y
EVT-000768,LOAD-00768,TRIP-000768,receiver,2026-06-17 21:00:03.096043,2026-06-17 21:17:03.096043,19,Y
EVT-000769,LOAD-00769,TRIP-000769,receiver,2026-06-18 13:00:39.553347,2026-06-18 13:04:39.553347,12,Y
EVT-000770,LOAD-00770,TRIP-000770,receiver,2026-06-17 23:00:46.547649,2026-06-17 22:46:46.547649,0,Y
EVT-000771,LOAD-00771,TRIP-000771,receiver,2026-06-18 22:00:38.215238,2026-06-18 21:35:38.215238,0,Y
EVT-000772,LOAD-00772,TRIP-000772,receiver,2026-06-19 13:00:42.210592,2026-06-19 12:42:42.210592,11,Y
EVT-000773,LOAD-00773,TRIP-000773,receiver,2026-06-21 03:00:23.237583,2026-06-21 02:30:23.237583,10,Y
EVT-000774,LOAD-00774,TRIP-000774,receiver,2026-06-22 13:00:08.597569,2026-06-22 12:52:08.597569,12,Y
EVT-000775,LOAD-00775,TRIP-000775,receiver,2026-06-24 02:00:43.038186,2026-06-24 01:32:43.038186,10,Y
EVT-000776,LOAD-00776,TRIP-000776,receiver,2026-06-22 22:00:57.523808,2026-06-22 21:39:57.523808,10,Y
EVT-000777,LOAD-00777,TRIP-000777,receiver,2026-06-26 21:00:03.893568,2026-06-26 20:29:03.893568,13,Y
EVT-000778,LOAD-00778,TRIP-000778,receiver,2026-06-27 15:00:52.893529,2026-06-27 14:37:52.893529,8,Y
EVT-000779,LOAD-00779,TRIP-000779,receiver,2026-06-26 00:00:35.608015,2026-06-25 23:39:35.608015,13,N
EVT-000780,LOAD-00780,TRIP-000780,receiver,2026-06-28 01:00:28.977451,2026-06-28 00:51:28.977451,11,Y
EVT-000781,LOAD-00781,TRIP-000781,receiver,2026-06-25 13:00:53.881295,2026-06-25 12:41:53.881295,9,Y
EVT-000782,LOAD-00782,TRIP-000782,receiver,2026-06-27 01:00:15.406599,2026-06-27 00:23:15.406599,5,Y
EVT-000783,LOAD-00783,TRIP-000783,receiver,2026-06-28 23:00:56.394263,2026-06-28 22:52:56.394263,6,Y
EVT-000784,LOAD-00784,TRIP-000784,receiver,2026-06-30 14:00:06.580223,2026-06-30 13:06:06.580223,9,Y
EVT-000785,LOAD-00785,TRIP-000785,receiver,2026-07-02 00:00:57.058666,2026-07-02 00:04:57.058666,7,Y
EVT-000786,LOAD-00786,TRIP-000786,receiver,2026-07-03 02:00:59.362220,2026-07-03 01:32:59.362220,4,Y
EVT-000787,LOAD-00787,TRIP-000787,receiver,2026-07-01 21:00:41.486607,2026-07-01 20:30:41.486607,6,Y
EVT-000788,LOAD-00788,TRIP-000788,receiver,2026-07-01 20:00:19.876178,2026-07-01 20:07:19.876178,11,Y
EVT-000789,LOAD-00789,TRIP-000789,receiver,2026-07-03 00:00:17.586115,2026-07-02 23:43:17.586115,7,Y
