trip_id,load_id,driver_id,truck_id,actual_miles,fuel_gallons,actual_mpg,departure_time,arrival_time,on_time_flag
TRIP-000001,LOAD-00001,DRV-01,TRK-01,797,151.81,5.25,2024-07-02 04:00:00,2024-07-02 20:24:43.025223,Y
TRIP-000002,LOAD-00002,DRV-01,TRK-01,785,144.57,5.43,2024-07-08 06:05:00,2024-07-08 22:15:00.270849,Y
TRIP-000003,LOAD-00003,DRV-01,TRK-01,823,152.69,5.39,2024-07-09 06:05:00,2024-07-09 23:07:46.063057,Y
TRIP-000004,LOAD-00004,DRV-02,TRK-02,796,115.2,6.91,2024-07-06 05:30:00,2024-07-06 20:30:09.724952,Y
TRIP-000005,LOAD-00005,DRV-02,TRK-02,821,120.03,6.84,2024-07-06 05:15:00,2024-07-06 20:53:49.402016,Y
TRIP-000006,LOAD-00006,DRV-02,TRK-02,838,122.34,6.85,2024-07-08 05:05:00,2024-07-08 21:48:47.275056,Y
TRIP-000007,LOAD-00007,DRV-01,TRK-01,798,148.05,5.39,2024-07-09 06:50:00,2024-07-09 22:16:56.408030,Y
TRIP-000008,LOAD-00008,DRV-01,TRK-01,797,159.72,4.99,2024-07-15 07:05:00,2024-07-15 21:52:43.625075,Y
TRIP-000009,LOAD-00009,DRV-01,TRK-01,784,147.65,5.31,2024-07-12 07:30:00,2024-07-12 22:59:07.146315,Y
TRIP-000010,LOAD-00010,DRV-01,TRK-01,847,168.73,5.02,2024-07-13 08:15:00,2024-07-14 01:27:11.045097,Y
TRIP-000011,LOAD-00011,DRV-02,TRK-02,799,114.14,7.0,2024-07-12 04:05:00,2024-07-12 20:36:14.387293,Y
TRIP-000012,LOAD-00012,DRV-02,TRK-02,257,35.16,7.31,2024-07-12 05:10:00,2024-07-12 10:15:43.136436,Y
TRIP-000013,LOAD-00013,DRV-02,TRK-02,309,45.37,6.81,2024-07-14 06:00:00,2024-07-14 12:14:44.045721,Y
TRIP-000014,LOAD-00014,DRV-02,TRK-02,267,38.2,6.99,2024-07-13 05:00:00,2024-07-13 10:09:46.020332,Y
TRIP-000015,LOAD-00015,DRV-02,TRK-02,304,45.31,6.71,2024-07-15 05:05:00,2024-07-15 11:15:32.241166,Y
TRIP-000016,LOAD-00016,DRV-01,TRK-01,258,47.6,5.42,2024-07-20 05:20:00,2024-07-20 10:37:54.777968,Y
TRIP-000017,LOAD-00017,DRV-01,TRK-01,810,155.17,5.22,2024-07-21 07:00:00,2024-07-22 00:36:02.000615,Y
TRIP-000018,LOAD-00018,DRV-01,TRK-01,781,151.36,5.16,2024-07-16 04:20:00,2024-07-16 19:53:41.461162,N
TRIP-000019,LOAD-00019,DRV-01,TRK-01,326,66.4,4.91,2024-07-17 07:40:00,2024-07-17 14:04:56.264957,N
TRIP-000020,LOAD-00020,DRV-01,TRK-01,816,164.52,4.96,2024-07-22 05:40:00,2024-07-22 21:59:47.776233,N
TRIP-000021,LOAD-00021,DRV-02,TRK-02,778,109.42,7.11,2024-07-18 06:30:00,2024-07-18 21:52:11.698167,N
TRIP-000022,LOAD-00022,DRV-02,TRK-02,844,122.5,6.89,2024-07-20 05:20:00,2024-07-20 22:32:34.130382,Y
TRIP-000023,LOAD-00023,DRV-02,TRK-02,821,117.45,6.99,2024-07-21 04:20:00,2024-07-21 20:50:43.119215,Y
TRIP-000024,LOAD-00024,DRV-02,TRK-02,819,114.07,7.18,2024-07-23 06:00:00,2024-07-23 23:41:51.606493,N
TRIP-000025,LOAD-00025,DRV-02,TRK-02,787,115.06,6.84,2024-07-20 04:05:00,2024-07-20 19:01:30.998622,Y
TRIP-000026,LOAD-00026,DRV-01,TRK-01,830,163.39,5.08,2024-07-29 05:20:00,2024-07-29 21:06:51.611327,Y
TRIP-000027,LOAD-00027,DRV-01,TRK-01,313,63.49,4.93,2024-07-30 08:30:00,2024-07-30 14:51:16.555577,Y
TRIP-000028,LOAD-00028,DRV-01,TRK-01,278,53.26,5.22,2024-07-26 05:45:00,2024-07-26 11:23:13.398662,Y
TRIP-000029,LOAD-00029,DRV-01,TRK-01,337,65.06,5.18,2024-07-28 05:05:00,2024-07-28 11:50:33.839146,Y
TRIP-000030,LOAD-00030,DRV-01,TRK-01,797,153.56,5.19,2024-07-26 04:30:00,2024-07-26 20:39:05.316404,Y
TRIP-000031,LOAD-00031,DRV-01,TRK-01,831,157.39,5.28,2024-07-28 06:05:00,2024-07-28 22:29:04.638194,Y
TRIP-000032,LOAD-00032,DRV-02,TRK-02,787,115.57,6.81,2024-07-28 06:05:00,2024-07-28 20:59:42.105791,Y
TRIP-000033,LOAD-00033,DRV-02,TRK-02,309,44.4,6.96,2024-07-30 07:50:00,2024-07-30 13:56:03.420530,Y
TRIP-000034,LOAD-00034,DRV-02,TRK-02,796,114.53,6.95,2024-07-26 07:30:00,2024-07-26 23:42:53.178691,Y
TRIP-000035,LOAD-00035,DRV-02,TRK-02,328,45.68,7.18,2024-07-28 05:20:00,2024-07-28 12:15:48.458022,Y
TRIP-000036,LOAD-00036,DRV-02,TRK-02,814,117.29,6.94,2024-07-25 05:15:00,2024-07-25 21:45:42.202551,Y
TRIP-000037,LOAD-00037,DRV-02,TRK-02,340,47.09,7.22,2024-07-26 08:05:00,2024-07-26 14:43:09.304267,Y
TRIP-000038,LOAD-00038,DRV-01,TRK-01,811,161.55,5.02,2024-08-02 06:05:00,2024-08-02 21:06:43.227688,Y
TRIP-000039,LOAD-00039,DRV-01,TRK-01,798,147.23,5.42,2024-08-02 05:15:00,2024-08-02 21:20:33.514967,Y
TRIP-000040,LOAD-00040,DRV-01,TRK-01,821,155.2,5.29,2024-08-03 06:40:00,2024-08-04 00:15:04.454194,Y
TRIP-000041,LOAD-00041,DRV-02,TRK-02,820,120.23,6.82,2024-08-05 06:40:00,2024-08-05 21:56:57.087363,Y
TRIP-000042,LOAD-00042,DRV-02,TRK-02,848,119.61,7.09,2024-08-07 07:10:00,2024-08-07 23:28:48.390847,Y
TRIP-000043,LOAD-00043,DRV-02,TRK-02,283,40.9,6.92,2024-08-01 07:50:00,2024-08-01 13:42:08.082500,Y
TRIP-000044,LOAD-00044,DRV-02,TRK-02,340,48.78,6.97,2024-08-03 05:15:00,2024-08-03 12:23:33.023059,Y
TRIP-000045,LOAD-00045,DRV-01,TRK-01,777,153.56,5.06,2024-08-11 04:45:00,2024-08-11 19:13:26.497701,Y
TRIP-000046,LOAD-00046,DRV-01,TRK-01,809,160.52,5.04,2024-08-12 08:30:00,2024-08-13 00:10:35.855557,Y
TRIP-000047,LOAD-00047,DRV-01,TRK-01,824,160.94,5.12,2024-08-11 07:45:00,2024-08-11 23:07:26.264088,N
TRIP-000048,LOAD-00048,DRV-02,TRK-02,793,109.08,7.27,2024-08-11 07:05:00,2024-08-11 22:35:06.090741,Y
TRIP-000049,LOAD-00049,DRV-02,TRK-02,826,112.84,7.32,2024-08-08 07:50:00,2024-08-09 00:57:53.248238,Y
TRIP-000050,LOAD-00050,DRV-02,TRK-02,842,124.01,6.79,2024-08-10 08:10:00,2024-08-11 02:04:26.319109,Y
TRIP-000051,LOAD-00051,DRV-01,TRK-01,802,148.52,5.4,2024-08-14 07:20:00,2024-08-14 22:44:13.051115,Y
TRIP-000052,LOAD-00052,DRV-01,TRK-01,790,159.27,4.96,2024-08-13 07:20:00,2024-08-13 23:46:30.085090,N
TRIP-000053,LOAD-00053,DRV-01,TRK-01,340,68.69,4.95,2024-08-14 05:20:00,2024-08-14 12:02:06.944199,Y
TRIP-000054,LOAD-00054,DRV-02,TRK-02,810,112.5,7.2,2024-08-15 06:05:00,2024-08-15 22:01:30.290682,Y
TRIP-000055,LOAD-00055,DRV-02,TRK-02,831,117.87,7.05,2024-08-17 07:05:00,2024-08-17 23:41:13.398958,Y
TRIP-000056,LOAD-00056,DRV-02,TRK-02,794,114.57,6.93,2024-08-16 07:05:00,2024-08-16 23:25:35.211031,N
TRIP-000057,LOAD-00057,DRV-02,TRK-02,844,121.61,6.94,2024-08-18 07:00:00,2024-08-18 23:49:56.289528,Y
TRIP-000058,LOAD-00058,DRV-01,TRK-01,807,152.84,5.28,2024-08-20 04:00:00,2024-08-20 19:18:25.419276,Y
TRIP-000059,LOAD-00059,DRV-01,TRK-01,832,156.1,5.33,2024-08-21 06:10:00,2024-08-21 23:03:46.997694,N
TRIP-000060,LOAD-00060,DRV-01,TRK-01,805,160.68,5.01,2024-08-20 04:45:00,2024-08-20 20:37:51.432955,Y
TRIP-000061,LOAD-00061,DRV-01,TRK-01,822,153.07,5.37,2024-08-25 07:05:00,2024-08-25 23:13:10.033245,N
TRIP-000062,LOAD-00062,DRV-01,TRK-01,335,63.69,5.26,2024-08-26 06:40:00,2024-08-26 13:32:39.117247,Y
TRIP-000063,LOAD-00063,DRV-02,TRK-02,796,117.06,6.8,2024-08-25 04:05:00,2024-08-25 19:49:02.195714,Y
TRIP-000064,LOAD-00064,DRV-02,TRK-02,841,120.14,7.0,2024-08-26 06:45:00,2024-08-27 00:30:46.984795,Y
TRIP-000065,LOAD-00065,DRV-02,TRK-02,269,39.73,6.77,2024-08-23 06:20:00,2024-08-23 11:21:31.052088,Y
TRIP-000066,LOAD-00066,DRV-02,TRK-02,824,115.57,7.13,2024-08-25 05:00:00,2024-08-25 22:33:24.348721,Y
TRIP-000067,LOAD-00067,DRV-02,TRK-02,809,116.24,6.96,2024-08-24 04:20:00,2024-08-24 19:52:13.142725,Y
TRIP-000068,LOAD-00068,DRV-02,TRK-02,847,120.31,7.04,2024-08-25 07:05:00,2024-08-26 00:35:22.882195,Y
TRIP-000069,LOAD-00069,DRV-01,TRK-01,281,52.33,5.37,2024-08-29 06:05:00,2024-08-29 11:38:04.089110,Y
TRIP-000070,LOAD-00070,DRV-01,TRK-01,837,159.13,5.26,2024-08-31 06:15:00,2024-09-01 00:12:17.603697,Y
TRIP-000071,LOAD-00071,DRV-01,TRK-01,830,156.9,5.29,2024-09-02 06:30:00,2024-09-02 23:28:17.117244,Y
TRIP-000072,LOAD-00072,DRV-01,TRK-01,843,157.57,5.35,2024-09-03 06:30:00,2024-09-03 23:29:08.455763,Y
TRIP-000073,LOAD-00073,DRV-01,TRK-01,805,154.51,5.21,2024-09-01 05:30:00,2024-09-01 21:31:26.437194,Y
TRIP-000074,LOAD-00074,DRV-01,TRK-01,824,153.16,5.38,2024-09-03 08:10:00,2024-09-04 00:47:22.348131,N
TRIP-000075,LOAD-00075,DRV-02,TRK-02,253,36.3,6.97,2024-09-01 05:15:00,2024-09-01 10:18:17.658918,Y
TRIP-000076,LOAD-00076,DRV-02,TRK-02,843,121.65,6.93,2024-09-02 06:10:00,2024-09-02 22:41:59.804922,Y
TRIP-000077,LOAD-00077,DRV-02,TRK-02,800,116.11,6.89,2024-09-01 05:20:00,2024-09-01 20:12:17.987423,Y
TRIP-000078,LOAD-00078,DRV-02,TRK-02,845,117.04,7.22,2024-09-02 05:50:00,2024-09-02 22:22:02.183280,Y
TRIP-000079,LOAD-00079,DRV-02,TRK-02,798,117.7,6.78,2024-08-27 06:15:00,2024-08-27 22:06:34.027624,Y
TRIP-000080,LOAD-00080,DRV-01,TRK-01,803,158.07,5.08,2024-09-09 05:50:00,2024-09-09 20:48:11.255403,Y
TRIP-000081,LOAD-00081,DRV-01,TRK-01,855,165.7,5.16,2024-09-10 06:10:00,2024-09-11 00:04:23.929954,Y
TRIP-000082,LOAD-00082,DRV-01,TRK-01,276,50.74,5.44,2024-09-07 06:00:00,2024-09-07 11:30:15.500753,Y
TRIP-000083,LOAD-00083,DRV-01,TRK-01,844,156.59,5.39,2024-09-08 08:10:00,2024-09-09 00:45:29.910766,Y
TRIP-000084,LOAD-00084,DRV-02,TRK-02,275,39.23,7.01,2024-09-09 07:45:00,2024-09-09 12:54:10.503052,Y
TRIP-000085,LOAD-00085,DRV-02,TRK-02,849,123.4,6.88,2024-09-10 05:05:00,2024-09-10 22:46:58.116680,Y
TRIP-000086,LOAD-00086,DRV-02,TRK-02,806,112.73,7.15,2024-09-05 07:30:00,2024-09-05 23:16:46.661990,Y
TRIP-000087,LOAD-00087,DRV-02,TRK-02,839,115.41,7.27,2024-09-07 05:10:00,2024-09-07 21:55:18.279766,N
TRIP-000088,LOAD-00088,DRV-01,TRK-01,265,48.62,5.45,2024-09-14 06:45:00,2024-09-14 12:08:09.822195,Y
TRIP-000089,LOAD-00089,DRV-01,TRK-01,310,58.94,5.26,2024-09-16 06:30:00,2024-09-16 12:49:11.118001,Y
TRIP-000090,LOAD-00090,DRV-01,TRK-01,797,146.24,5.45,2024-09-14 07:50:00,2024-09-14 23:37:35.504520,Y
TRIP-000091,LOAD-00091,DRV-01,TRK-01,822,159.3,5.16,2024-09-15 07:10:00,2024-09-16 00:39:59.499472,N
TRIP-000092,LOAD-00092,DRV-01,TRK-01,797,153.27,5.2,2024-09-14 05:10:00,2024-09-14 21:25:22.611555,Y
TRIP-000093,LOAD-00093,DRV-01,TRK-01,330,65.74,5.02,2024-09-16 08:20:00,2024-09-16 15:06:23.603442,Y
TRIP-000094,LOAD-00094,DRV-02,TRK-02,824,116.22,7.09,2024-09-12 06:15:00,2024-09-12 22:28:15.039503,Y
TRIP-000095,LOAD-00095,DRV-02,TRK-02,846,115.89,7.3,2024-09-13 08:45:00,2024-09-14 01:14:57.999657,Y
TRIP-000096,LOAD-00096,DRV-02,TRK-02,832,120.23,6.92,2024-09-12 04:05:00,2024-09-12 20:31:50.565392,N
TRIP-000097,LOAD-00097,DRV-02,TRK-02,308,42.25,7.29,2024-09-13 08:30:00,2024-09-13 14:33:59.934354,Y
TRIP-000098,LOAD-00098,DRV-02,TRK-02,824,120.64,6.83,2024-09-11 06:10:00,2024-09-11 22:31:46.550110,Y
TRIP-000099,LOAD-00099,DRV-02,TRK-02,843,120.77,6.98,2024-09-12 06:00:00,2024-09-12 23:01:47.679393,Y
TRIP-000100,LOAD-00100,DRV-01,TRK-01,265,51.36,5.16,2024-09-18 07:00:00,2024-09-18 12:04:23.738238,Y
TRIP-000101,LOAD-00101,DRV-01,TRK-01,808,153.61,5.26,2024-09-20 05:15:00,2024-09-20 21:30:57.751597,Y
TRIP-000102,LOAD-00102,DRV-01,TRK-01,823,167.28,4.92,2024-09-21 05:30:00,2024-09-21 21:28:00.922670,Y
TRIP-000103,LOAD-00103,DRV-02,TRK-02,807,116.96,6.9,2024-09-22 05:15:00,2024-09-22 21:57:10.460695,Y
TRIP-000104,LOAD-00104,DRV-02,TRK-02,336,49.12,6.84,2024-09-23 05:10:00,2024-09-23 12:05:36.447778,Y
TRIP-000105,LOAD-00105,DRV-02,TRK-02,798,109.17,7.31,2024-09-22 06:20:00,2024-09-22 22:03:53.573510,Y
TRIP-000106,LOAD-00106,DRV-02,TRK-02,816,115.42,7.07,2024-09-23 08:40:00,2024-09-24 01:17:19.055486,Y
TRIP-000107,LOAD-00107,DRV-01,TRK-01,813,159.41,5.1,2024-09-24 04:20:00,2024-09-24 19:59:29.060354,Y
TRIP-000108,LOAD-00108,DRV-01,TRK-01,819,152.23,5.38,2024-09-25 08:10:00,2024-09-26 00:58:24.981375,N
TRIP-000109,LOAD-00109,DRV-01,TRK-01,777,149.14,5.21,2024-09-29 06:05:00,2024-09-29 20:36:20.722951,Y
TRIP-000110,LOAD-00110,DRV-01,TRK-01,844,162.93,5.18,2024-10-01 08:20:00,2024-10-02 01:05:57.951642,Y
TRIP-000111,LOAD-00111,DRV-02,TRK-02,282,41.65,6.77,2024-09-26 07:10:00,2024-09-26 12:31:35.306085,Y
TRIP-000112,LOAD-00112,DRV-02,TRK-02,260,36.41,7.14,2024-09-27 06:05:00,2024-09-27 11:22:54.463901,Y
TRIP-000113,LOAD-00113,DRV-02,TRK-02,314,45.84,6.85,2024-09-29 07:10:00,2024-09-29 13:45:21.039385,N
TRIP-000114,LOAD-00114,DRV-01,TRK-01,267,50.19,5.32,2024-10-01 07:45:00,2024-10-01 13:09:15.112861,Y
TRIP-000115,LOAD-00115,DRV-01,TRK-01,807,158.24,5.1,2024-10-05 05:50:00,2024-10-05 22:11:37.638084,Y
TRIP-000116,LOAD-00116,DRV-01,TRK-01,309,61.19,5.05,2024-10-07 06:50:00,2024-10-07 13:09:35.893780,N
TRIP-000117,LOAD-00117,DRV-02,TRK-02,777,106.44,7.3,2024-10-04 06:05:00,2024-10-04 21:15:18.077121,Y
TRIP-000118,LOAD-00118,DRV-02,TRK-02,805,117.86,6.83,2024-10-06 06:05:00,2024-10-06 22:01:47.424417,Y
TRIP-000119,LOAD-00119,DRV-02,TRK-02,814,117.29,6.94,2024-10-02 06:50:00,2024-10-02 22:06:22.589142,Y
TRIP-000120,LOAD-00120,DRV-01,TRK-01,787,151.35,5.2,2024-10-10 06:20:00,2024-10-10 21:18:03.438120,Y
TRIP-000121,LOAD-00121,DRV-01,TRK-01,805,157.53,5.11,2024-10-11 06:05:00,2024-10-11 22:06:19.656816,Y
TRIP-000122,LOAD-00122,DRV-01,TRK-01,285,53.67,5.31,2024-10-08 06:00:00,2024-10-08 11:35:12.403561,Y
TRIP-000123,LOAD-00123,DRV-01,TRK-01,840,170.04,4.94,2024-10-10 08:45:00,2024-10-11 01:45:26.952789,N
TRIP-000124,LOAD-00124,DRV-01,TRK-01,802,151.32,5.3,2024-10-11 04:45:00,2024-10-11 19:51:41.589446,Y
TRIP-000125,LOAD-00125,DRV-02,TRK-02,819,112.35,7.29,2024-10-13 04:10:00,2024-10-13 19:27:15.598437,Y
TRIP-000126,LOAD-00126,DRV-02,TRK-02,820,117.14,7.0,2024-10-14 07:00:00,2024-10-15 00:36:06.520636,Y
TRIP-000127,LOAD-00127,DRV-02,TRK-02,823,119.45,6.89,2024-10-14 07:40:00,2024-10-15 00:25:24.433704,Y
TRIP-000128,LOAD-00128,DRV-02,TRK-02,821,121.09,6.78,2024-10-16 06:40:00,2024-10-16 23:31:38.585688,Y
TRIP-000129,LOAD-00129,DRV-02,TRK-02,816,113.02,7.22,2024-10-12 05:50:00,2024-10-12 22:28:49.619981,Y
TRIP-000130,LOAD-00130,DRV-02,TRK-02,329,48.67,6.76,2024-10-13 07:00:00,2024-10-13 13:21:52.219391,Y
TRIP-000131,LOAD-00131,DRV-01,TRK-01,812,161.11,5.04,2024-10-17 07:30:00,2024-10-17 23:49:19.337464,Y
TRIP-000132,LOAD-00132,DRV-01,TRK-01,833,157.17,5.3,2024-10-18 05:40:00,2024-10-18 22:18:50.613450,Y
TRIP-000133,LOAD-00133,DRV-01,TRK-01,277,53.07,5.22,2024-10-18 07:50:00,2024-10-18 13:34:39.962224,N
TRIP-000134,LOAD-00134,DRV-01,TRK-01,836,155.39,5.38,2024-10-20 08:05:00,2024-10-21 02:13:56.197648,Y
TRIP-000135,LOAD-00135,DRV-02,TRK-02,811,116.52,6.96,2024-10-18 04:45:00,2024-10-18 21:25:40.352462,Y
TRIP-000136,LOAD-00136,DRV-02,TRK-02,320,47.48,6.74,2024-10-20 05:05:00,2024-10-20 12:01:09.919759,Y
TRIP-000137,LOAD-00137,DRV-02,TRK-02,786,108.71,7.23,2024-10-19 05:10:00,2024-10-19 20:19:40.308190,Y
TRIP-000138,LOAD-00138,DRV-02,TRK-02,828,120.0,6.9,2024-10-20 08:05:00,2024-10-21 01:29:15.914111,N
TRIP-000139,LOAD-00139,DRV-01,TRK-01,811,149.91,5.41,2024-10-24 04:10:00,2024-10-24 20:25:33.517106,Y
TRIP-000140,LOAD-00140,DRV-01,TRK-01,825,155.08,5.32,2024-10-25 05:30:00,2024-10-25 21:27:14.530960,Y
TRIP-000141,LOAD-00141,DRV-01,TRK-01,812,162.73,4.99,2024-10-25 04:15:00,2024-10-25 20:34:14.789844,Y
TRIP-000142,LOAD-00142,DRV-01,TRK-01,306,58.06,5.27,2024-10-27 06:20:00,2024-10-27 12:18:15.112668,Y
TRIP-000143,LOAD-00143,DRV-02,TRK-02,815,112.72,7.23,2024-10-26 06:50:00,2024-10-26 23:14:10.233018,Y
TRIP-000144,LOAD-00144,DRV-02,TRK-02,830,122.24,6.79,2024-10-27 07:15:00,2024-10-27 23:39:47.768474,Y
TRIP-000145,LOAD-00145,DRV-02,TRK-02,277,39.24,7.06,2024-10-25 06:30:00,2024-10-25 11:57:37.715298,Y
TRIP-000146,LOAD-00146,DRV-02,TRK-02,331,48.25,6.86,2024-10-26 07:30:00,2024-10-26 14:12:58.299393,Y
TRIP-000147,LOAD-00147,DRV-01,TRK-01,830,160.23,5.18,2024-11-03 07:15:00,2024-11-03 22:37:39.819509,N
TRIP-000148,LOAD-00148,DRV-01,TRK-01,811,165.51,4.9,2024-11-04 08:05:00,2024-11-05 01:24:49.682877,Y
TRIP-000149,LOAD-00149,DRV-01,TRK-01,826,165.53,4.99,2024-11-04 04:05:00,2024-11-04 20:38:34.946071,N
TRIP-000150,LOAD-00150,DRV-01,TRK-01,841,161.42,5.21,2024-11-05 08:15:00,2024-11-06 02:19:41.505944,Y
TRIP-000151,LOAD-00151,DRV-02,TRK-02,790,109.42,7.22,2024-10-31 04:20:00,2024-10-31 20:22:46.514615,Y
TRIP-000152,LOAD-00152,DRV-02,TRK-02,308,44.44,6.93,2024-11-02 08:30:00,2024-11-02 14:45:00.850481,Y
TRIP-000153,LOAD-00153,DRV-02,TRK-02,817,115.89,7.05,2024-10-29 07:40:00,2024-10-29 23:18:53.103576,Y
TRIP-000154,LOAD-00154,DRV-02,TRK-02,303,44.23,6.85,2024-10-30 08:05:00,2024-10-30 14:18:09.056382,Y
TRIP-000155,LOAD-00155,DRV-01,TRK-01,818,162.62,5.03,2024-11-06 05:20:00,2024-11-06 20:56:41.031260,Y
TRIP-000156,LOAD-00156,DRV-01,TRK-01,323,64.86,4.98,2024-11-07 05:05:00,2024-11-07 11:54:06.960730,Y
TRIP-000157,LOAD-00157,DRV-02,TRK-02,798,115.99,6.88,2024-11-08 05:40:00,2024-11-08 20:35:02.086073,Y
TRIP-000158,LOAD-00158,DRV-02,TRK-02,320,47.41,6.75,2024-11-10 08:00:00,2024-11-10 14:38:13.714706,Y
TRIP-000159,LOAD-00159,DRV-01,TRK-01,786,150.57,5.22,2024-11-17 04:30:00,2024-11-17 20:52:19.228557,Y
TRIP-000160,LOAD-00160,DRV-01,TRK-01,332,66.8,4.97,2024-11-18 08:05:00,2024-11-18 14:47:00.420677,Y
TRIP-000161,LOAD-00161,DRV-02,TRK-02,830,120.12,6.91,2024-11-18 04:15:00,2024-11-18 21:15:08.598087,Y
TRIP-000162,LOAD-00162,DRV-01,TRK-01,805,149.91,5.37,2024-11-25 06:10:00,2024-11-25 22:44:54.387695,Y
TRIP-000163,LOAD-00163,DRV-01,TRK-01,812,165.38,4.91,2024-11-26 06:10:00,2024-11-26 23:22:26.905003,Y
TRIP-000164,LOAD-00164,DRV-02,TRK-02,777,106.58,7.29,2024-11-19 06:05:00,2024-11-19 22:11:05.635093,Y
TRIP-000165,LOAD-00165,DRV-02,TRK-02,328,45.37,7.23,2024-11-21 05:15:00,2024-11-21 11:49:31.072928,Y
TRIP-000166,LOAD-00166,DRV-01,TRK-01,282,54.02,5.22,2024-12-01 07:30:00,2024-12-01 12:46:24.195173,Y
TRIP-000167,LOAD-00167,DRV-02,TRK-02,814,112.9,7.21,2024-12-02 05:10:00,2024-12-02 21:54:55.296308,Y
TRIP-000168,LOAD-00168,DRV-02,TRK-02,852,126.79,6.72,2024-12-04 07:10:00,2024-12-05 00:25:15.910261,Y
TRIP-000169,LOAD-00169,DRV-01,TRK-01,285,54.91,5.19,2024-12-03 06:15:00,2024-12-03 11:38:37.596087,Y
TRIP-000170,LOAD-00170,DRV-01,TRK-01,842,170.1,4.95,2024-12-05 07:30:00,2024-12-06 01:29:03.347246,Y
TRIP-000171,LOAD-00171,DRV-01,TRK-01,816,160.0,5.1,2024-12-08 06:10:00,2024-12-08 22:47:50.073953,Y
TRIP-000172,LOAD-00172,DRV-01,TRK-01,855,162.55,5.26,2024-12-09 07:45:00,2024-12-10 02:18:33.732531,Y
TRIP-000173,LOAD-00173,DRV-02,TRK-02,833,114.42,7.28,2024-12-06 06:50:00,2024-12-06 23:24:35.135366,Y
TRIP-000174,LOAD-00174,DRV-02,TRK-02,321,45.47,7.06,2024-12-07 08:00:00,2024-12-07 14:36:23.679651,Y
TRIP-000175,LOAD-00175,DRV-02,TRK-02,818,114.41,7.15,2024-12-04 06:15:00,2024-12-04 23:05:23.159228,Y
TRIP-000176,LOAD-00176,DRV-02,TRK-02,830,118.91,6.98,2024-12-06 07:05:00,2024-12-06 23:43:58.378658,Y
TRIP-000177,LOAD-00177,DRV-01,TRK-01,801,150.28,5.33,2024-12-13 04:05:00,2024-12-13 19:29:04.413094,Y
TRIP-000178,LOAD-00178,DRV-01,TRK-01,847,163.2,5.19,2024-12-14 06:05:00,2024-12-14 22:28:03.824423,Y
TRIP-000179,LOAD-00179,DRV-01,TRK-01,811,151.02,5.37,2024-12-10 06:30:00,2024-12-10 21:40:07.864058,N
TRIP-000180,LOAD-00180,DRV-02,TRK-02,808,110.68,7.3,2024-12-10 04:20:00,2024-12-10 19:31:11.705910,N
TRIP-000181,LOAD-00181,DRV-02,TRK-02,808,113.01,7.15,2024-12-11 07:30:00,2024-12-12 01:01:08.340690,Y
TRIP-000182,LOAD-00182,DRV-02,TRK-02,828,116.46,7.11,2024-12-15 04:15:00,2024-12-15 20:35:50.589715,N
TRIP-000183,LOAD-00183,DRV-02,TRK-02,816,119.65,6.82,2024-12-16 06:00:00,2024-12-16 23:10:48.192810,Y
TRIP-000184,LOAD-00184,DRV-01,TRK-01,263,48.43,5.43,2024-12-22 07:50:00,2024-12-22 13:04:58.747013,Y
TRIP-000185,LOAD-00185,DRV-01,TRK-01,832,159.08,5.23,2024-12-23 05:00:00,2024-12-23 22:02:01.026844,Y
TRIP-000186,LOAD-00186,DRV-02,TRK-02,821,118.99,6.9,2024-12-22 07:20:00,2024-12-22 23:06:09.489951,Y
TRIP-000187,LOAD-00187,DRV-02,TRK-02,822,119.83,6.86,2024-12-24 07:15:00,2024-12-25 00:46:36.519551,Y
TRIP-000188,LOAD-00188,DRV-01,TRK-01,794,151.53,5.24,2024-12-26 05:30:00,2024-12-26 20:39:52.021674,Y
TRIP-000189,LOAD-00189,DRV-01,TRK-01,321,61.38,5.23,2024-12-27 06:30:00,2024-12-27 13:16:50.663119,N
TRIP-000190,LOAD-00190,DRV-01,TRK-01,276,52.98,5.21,2024-12-30 07:00:00,2024-12-30 12:11:07.885934,Y
TRIP-000191,LOAD-00191,DRV-01,TRK-01,320,61.3,5.22,2024-12-31 05:45:00,2024-12-31 12:28:00.767776,Y
TRIP-000192,LOAD-00192,DRV-02,TRK-02,802,118.46,6.77,2024-12-29 05:30:00,2024-12-29 20:26:04.950938,N
TRIP-000193,LOAD-00193,DRV-02,TRK-02,310,45.99,6.74,2024-12-31 05:20:00,2024-12-31 11:19:49.923669,Y
TRIP-000194,LOAD-00194,DRV-02,TRK-02,793,115.09,6.89,2024-12-27 05:15:00,2024-12-27 20:22:56.279604,Y
TRIP-000195,LOAD-00195,DRV-02,TRK-02,808,113.64,7.11,2024-12-28 08:45:00,2024-12-29 01:29:06.650162,Y
TRIP-000196,LOAD-00196,DRV-01,TRK-01,779,153.05,5.09,2025-01-04 04:45:00,2025-01-04 20:35:09.408904,Y
TRIP-000197,LOAD-00197,DRV-01,TRK-01,336,64.24,5.23,2025-01-05 06:05:00,2025-01-05 12:42:48.742124,Y
TRIP-000198,LOAD-00198,DRV-01,TRK-01,275,51.4,5.35,2024-12-31 06:40:00,2024-12-31 11:54:41.872293,Y
TRIP-000199,LOAD-00199,DRV-01,TRK-01,323,60.83,5.31,2025-01-01 06:05:00,2025-01-01 12:45:22.477956,N
TRIP-000200,LOAD-00200,DRV-02,TRK-02,803,110.45,7.27,2025-01-03 05:45:00,2025-01-03 20:45:11.043092,Y
TRIP-000201,LOAD-00201,DRV-02,TRK-02,832,117.18,7.1,2025-01-04 06:45:00,2025-01-05 00:03:23.304072,Y
TRIP-000202,LOAD-00202,DRV-02,TRK-02,833,120.03,6.94,2025-01-01 06:20:00,2025-01-01 23:34:44.251696,Y
TRIP-000203,LOAD-00203,DRV-02,TRK-02,325,46.76,6.95,2025-01-02 05:05:00,2025-01-02 11:29:13.869339,N
TRIP-000204,LOAD-00204,DRV-01,TRK-01,802,151.04,5.31,2025-01-13 06:45:00,2025-01-13 23:13:24.734377,Y
TRIP-000205,LOAD-00205,DRV-01,TRK-01,306,60.83,5.03,2025-01-15 06:15:00,2025-01-15 12:47:56.508964,N
TRIP-000206,LOAD-00206,DRV-02,TRK-02,284,41.58,6.83,2025-01-12 07:00:00,2025-01-12 12:32:55.700106,Y
TRIP-000207,LOAD-00207,DRV-01,TRK-01,792,152.31,5.2,2025-01-19 07:40:00,2025-01-19 22:22:00.536753,N
TRIP-000208,LOAD-00208,DRV-02,TRK-02,805,117.18,6.87,2025-01-18 06:30:00,2025-01-18 21:32:20.748541,Y
TRIP-000209,LOAD-00209,DRV-02,TRK-02,327,45.54,7.18,2025-01-20 05:00:00,2025-01-20 11:46:20.130279,Y
TRIP-000210,LOAD-00210,DRV-01,TRK-01,266,50.0,5.32,2025-01-22 07:15:00,2025-01-22 12:27:32.374220,Y
TRIP-000211,LOAD-00211,DRV-01,TRK-01,817,156.81,5.21,2025-01-24 08:15:00,2025-01-25 00:07:25.168371,Y
TRIP-000212,LOAD-00212,DRV-01,TRK-01,813,152.82,5.32,2025-01-23 04:40:00,2025-01-23 21:31:06.856104,Y
TRIP-000213,LOAD-00213,DRV-01,TRK-01,331,62.57,5.29,2025-01-25 07:05:00,2025-01-25 13:36:41.016992,Y
TRIP-000214,LOAD-00214,DRV-02,TRK-02,813,116.64,6.97,2025-01-21 05:50:00,2025-01-21 21:49:18.492036,Y
TRIP-000215,LOAD-00215,DRV-02,TRK-02,276,40.0,6.9,2025-01-22 06:00:00,2025-01-22 11:09:43.072321,Y
TRIP-000216,LOAD-00216,DRV-02,TRK-02,855,126.85,6.74,2025-01-23 06:40:00,2025-01-23 23:25:36.389525,Y
TRIP-000217,LOAD-00217,DRV-01,TRK-01,777,155.71,4.99,2025-02-02 05:20:00,2025-02-02 20:27:54.808709,Y
TRIP-000218,LOAD-00218,DRV-01,TRK-01,837,156.16,5.36,2025-02-03 05:20:00,2025-02-03 21:50:06.934509,Y
TRIP-000219,LOAD-00219,DRV-02,TRK-02,277,38.31,7.23,2025-02-02 06:10:00,2025-02-02 11:43:48.786251,N
TRIP-000220,LOAD-00220,DRV-02,TRK-02,834,122.11,6.83,2025-02-03 07:15:00,2025-02-04 00:27:15.896584,Y
TRIP-000221,LOAD-00221,DRV-01,TRK-01,264,49.72,5.31,2025-02-09 07:30:00,2025-02-09 12:45:53.856356,Y
TRIP-000222,LOAD-00222,DRV-01,TRK-01,815,166.33,4.9,2025-02-11 06:15:00,2025-02-11 22:27:41.120947,Y
TRIP-000223,LOAD-00223,DRV-01,TRK-01,808,160.32,5.04,2025-02-07 04:20:00,2025-02-07 19:32:05.778353,Y
TRIP-000224,LOAD-00224,DRV-01,TRK-01,849,158.69,5.35,2025-02-09 08:10:00,2025-02-10 01:46:57.483030,Y
TRIP-000225,LOAD-00225,DRV-02,TRK-02,267,36.78,7.26,2025-02-08 05:50:00,2025-02-08 11:17:59.693474,Y
TRIP-000226,LOAD-00226,DRV-02,TRK-02,848,117.13,7.24,2025-02-09 07:40:00,2025-02-10 01:02:14.252992,Y
TRIP-000227,LOAD-00227,DRV-02,TRK-02,803,115.04,6.98,2025-02-08 07:30:00,2025-02-08 23:05:03.635200,N
TRIP-000228,LOAD-00228,DRV-02,TRK-02,809,115.41,7.01,2025-02-09 07:15:00,2025-02-10 00:29:56.171206,Y
TRIP-000229,LOAD-00229,DRV-01,TRK-01,262,49.72,5.27,2025-02-16 07:00:00,2025-02-16 12:17:49.176003,Y
TRIP-000230,LOAD-00230,DRV-01,TRK-01,820,151.29,5.42,2025-02-15 05:45:00,2025-02-15 21:37:45.923374,Y
TRIP-000231,LOAD-00231,DRV-01,TRK-01,314,61.69,5.09,2025-02-16 06:05:00,2025-02-16 12:53:40.939411,Y
TRIP-000232,LOAD-00232,DRV-02,TRK-02,252,34.57,7.29,2025-02-17 07:50:00,2025-02-17 12:49:15.785972,Y
TRIP-000233,LOAD-00233,DRV-02,TRK-02,810,117.9,6.87,2025-02-18 08:20:00,2025-02-19 01:31:06.003305,Y
TRIP-000234,LOAD-00234,DRV-02,TRK-02,818,118.38,6.91,2025-02-13 07:30:00,2025-02-13 23:19:51.035804,N
TRIP-000235,LOAD-00235,DRV-02,TRK-02,314,45.05,6.97,2025-02-14 06:05:00,2025-02-14 12:43:25.217159,Y
TRIP-000236,LOAD-00236,DRV-01,TRK-01,279,55.91,4.99,2025-02-24 06:15:00,2025-02-24 11:48:18.004677,Y
TRIP-000237,LOAD-00237,DRV-01,TRK-01,833,169.65,4.91,2025-02-26 07:15:00,2025-02-27 01:16:46.764229,Y
TRIP-000238,LOAD-00238,DRV-02,TRK-02,277,39.63,6.99,2025-02-19 05:50:00,2025-02-19 11:35:35.171565,Y
TRIP-000239,LOAD-00239,DRV-02,TRK-02,336,50.15,6.7,2025-02-21 06:40:00,2025-02-21 13:31:06.872532,Y
TRIP-000240,LOAD-00240,DRV-01,TRK-01,817,153.28,5.33,2025-03-02 07:45:00,2025-03-02 23:03:20.172805,N
TRIP-000241,LOAD-00241,DRV-01,TRK-01,325,62.02,5.24,2025-03-03 07:05:00,2025-03-03 13:40:19.112661,Y
TRIP-000242,LOAD-00242,DRV-01,TRK-01,818,161.98,5.05,2025-02-26 05:15:00,2025-02-26 20:40:43.391701,Y
TRIP-000243,LOAD-00243,DRV-01,TRK-01,841,157.79,5.33,2025-02-28 08:10:00,2025-03-01 00:22:08.103295,N
TRIP-000244,LOAD-00244,DRV-02,TRK-02,263,37.46,7.02,2025-03-01 04:50:00,2025-03-01 10:00:52.326635,Y
TRIP-000245,LOAD-00245,DRV-02,TRK-02,323,47.43,6.81,2025-03-03 08:15:00,2025-03-03 14:54:28.063527,Y
TRIP-000246,LOAD-00246,DRV-02,TRK-02,279,38.43,7.26,2025-03-03 05:10:00,2025-03-03 10:27:02.646301,Y
TRIP-000247,LOAD-00247,DRV-01,TRK-01,805,156.31,5.15,2025-03-10 05:00:00,2025-03-10 21:19:51.542939,Y
TRIP-000248,LOAD-00248,DRV-01,TRK-01,851,163.97,5.19,2025-03-11 06:20:00,2025-03-12 00:00:51.742304,Y
TRIP-000249,LOAD-00249,DRV-01,TRK-01,798,151.42,5.27,2025-03-07 07:05:00,2025-03-07 23:32:43.939440,Y
TRIP-000250,LOAD-00250,DRV-02,TRK-02,257,37.35,6.88,2025-03-05 07:05:00,2025-03-05 12:22:27.492655,N
TRIP-000251,LOAD-00251,DRV-02,TRK-02,314,45.84,6.85,2025-03-07 07:45:00,2025-03-07 14:03:37.551253,Y
TRIP-000252,LOAD-00252,DRV-02,TRK-02,803,113.1,7.1,2025-03-10 07:40:00,2025-03-10 23:22:06.341540,Y
TRIP-000253,LOAD-00253,DRV-02,TRK-02,845,122.82,6.88,2025-03-12 08:20:00,2025-03-13 01:22:32.882472,Y
TRIP-000254,LOAD-00254,DRV-01,TRK-01,817,156.81,5.21,2025-03-17 06:20:00,2025-03-17 22:04:40.630739,Y
TRIP-000255,LOAD-00255,DRV-01,TRK-01,816,151.39,5.39,2025-03-18 07:20:00,2025-03-19 00:47:16.047484,Y
TRIP-000256,LOAD-00256,DRV-01,TRK-01,797,148.42,5.37,2025-03-14 05:00:00,2025-03-14 21:04:07.915443,Y
TRIP-000257,LOAD-00257,DRV-01,TRK-01,333,63.67,5.23,2025-03-15 06:45:00,2025-03-15 13:38:22.037944,N
TRIP-000258,LOAD-00258,DRV-02,TRK-02,785,107.09,7.33,2025-03-13 05:40:00,2025-03-13 21:22:59.883101,Y
TRIP-000259,LOAD-00259,DRV-02,TRK-02,855,126.85,6.74,2025-03-15 07:10:00,2025-03-16 00:11:45.009366,Y
TRIP-000260,LOAD-00260,DRV-02,TRK-02,780,113.04,6.9,2025-03-16 04:45:00,2025-03-16 19:40:52.165435,Y
TRIP-000261,LOAD-00261,DRV-02,TRK-02,834,124.48,6.7,2025-03-18 08:10:00,2025-03-19 00:25:29.060568,Y
TRIP-000262,LOAD-00262,DRV-01,TRK-01,822,159.61,5.15,2025-03-22 06:05:00,2025-03-22 23:00:17.043865,Y
TRIP-000263,LOAD-00263,DRV-01,TRK-01,848,162.76,5.21,2025-03-24 07:00:00,2025-03-25 00:35:38.564637,Y
TRIP-000264,LOAD-00264,DRV-02,TRK-02,819,115.84,7.07,2025-03-20 04:20:00,2025-03-20 21:13:52.375749,Y
TRIP-000265,LOAD-00265,DRV-02,TRK-02,811,113.27,7.16,2025-03-22 07:45:00,2025-03-22 23:54:01.639198,Y
TRIP-000266,LOAD-00266,DRV-01,TRK-01,818,153.47,5.33,2025-03-27 07:30:00,2025-03-27 23:20:13.990719,Y
TRIP-000267,LOAD-00267,DRV-01,TRK-01,333,67.0,4.97,2025-03-28 07:00:00,2025-03-28 13:57:58.446622,Y
TRIP-000268,LOAD-00268,DRV-01,TRK-01,780,153.54,5.08,2025-03-29 05:15:00,2025-03-29 20:59:44.372356,Y
TRIP-000269,LOAD-00269,DRV-01,TRK-01,810,153.12,5.29,2025-03-31 07:30:00,2025-03-31 23:17:45.655165,Y
TRIP-000270,LOAD-00270,DRV-02,TRK-02,801,115.25,6.95,2025-03-25 05:10:00,2025-03-25 21:44:58.008463,Y
TRIP-000271,LOAD-00271,DRV-02,TRK-02,820,118.16,6.94,2025-03-27 08:10:00,2025-03-28 00:22:51.993801,Y
TRIP-000272,LOAD-00272,DRV-02,TRK-02,257,37.68,6.82,2025-03-26 07:40:00,2025-03-26 12:47:13.361197,Y
TRIP-000273,LOAD-00273,DRV-02,TRK-02,323,47.57,6.79,2025-03-27 05:05:00,2025-03-27 11:29:14.279764,Y
TRIP-000274,LOAD-00274,DRV-01,TRK-01,825,154.78,5.33,2025-04-01 07:10:00,2025-04-01 22:58:48.803896,Y
TRIP-000275,LOAD-00275,DRV-01,TRK-01,306,62.32,4.91,2025-04-03 08:15:00,2025-04-03 14:08:54.124745,Y
TRIP-000276,LOAD-00276,DRV-01,TRK-01,273,52.6,5.19,2025-04-04 05:00:00,2025-04-04 10:27:04.334403,Y
TRIP-000277,LOAD-00277,DRV-01,TRK-01,321,60.0,5.35,2025-04-05 06:05:00,2025-04-05 12:27:17.975096,Y
TRIP-000278,LOAD-00278,DRV-01,TRK-01,800,152.67,5.24,2025-04-03 05:10:00,2025-04-03 21:12:48.695710,Y
TRIP-000279,LOAD-00279,DRV-02,TRK-02,819,119.74,6.84,2025-04-03 05:05:00,2025-04-03 21:52:11.313705,Y
TRIP-000280,LOAD-00280,DRV-02,TRK-02,836,119.77,6.98,2025-04-05 06:15:00,2025-04-05 23:54:10.466286,Y
TRIP-000281,LOAD-00281,DRV-02,TRK-02,803,112.15,7.16,2025-04-02 07:15:00,2025-04-02 23:07:49.601496,Y
TRIP-000282,LOAD-00282,DRV-02,TRK-02,850,122.66,6.93,2025-04-03 05:15:00,2025-04-03 23:03:07.693849,Y
TRIP-000283,LOAD-00283,DRV-02,TRK-02,280,41.18,6.8,2025-04-05 04:10:00,2025-04-05 09:28:57.161998,N
TRIP-000284,LOAD-00284,DRV-02,TRK-02,822,121.78,6.75,2025-04-06 08:30:00,2025-04-07 02:10:22.510888,Y
TRIP-000285,LOAD-00285,DRV-01,TRK-01,775,150.19,5.16,2025-04-10 06:45:00,2025-04-10 22:19:59.929043,Y
TRIP-000286,LOAD-00286,DRV-01,TRK-01,328,66.4,4.94,2025-04-12 05:15:00,2025-04-12 11:38:40.681857,Y
TRIP-000287,LOAD-00287,DRV-01,TRK-01,811,158.4,5.12,2025-04-08 04:00:00,2025-04-08 20:40:08.230630,N
TRIP-000288,LOAD-00288,DRV-01,TRK-01,828,154.77,5.35,2025-04-10 05:40:00,2025-04-10 21:52:58.540983,Y
TRIP-000289,LOAD-00289,DRV-02,TRK-02,805,109.67,7.34,2025-04-12 07:20:00,2025-04-12 23:15:15.406147,Y
TRIP-000290,LOAD-00290,DRV-02,TRK-02,821,115.15,7.13,2025-04-09 04:15:00,2025-04-09 19:48:00.044050,N
TRIP-000291,LOAD-00291,DRV-02,TRK-02,325,45.58,7.13,2025-04-11 05:10:00,2025-04-11 12:03:27.007062,Y
TRIP-000292,LOAD-00292,DRV-01,TRK-01,821,156.98,5.23,2025-04-18 06:50:00,2025-04-18 22:51:49.302849,Y
TRIP-000293,LOAD-00293,DRV-01,TRK-01,779,144.8,5.38,2025-04-20 06:30:00,2025-04-20 21:24:23.442636,Y
TRIP-000294,LOAD-00294,DRV-01,TRK-01,847,170.08,4.98,2025-04-22 07:45:00,2025-04-23 00:33:26.427127,Y
TRIP-000295,LOAD-00295,DRV-01,TRK-01,805,160.68,5.01,2025-04-16 06:00:00,2025-04-16 21:26:39.987385,Y
TRIP-000296,LOAD-00296,DRV-01,TRK-01,833,158.97,5.24,2025-04-18 07:10:00,2025-04-19 00:54:39.039886,Y
TRIP-000297,LOAD-00297,DRV-02,TRK-02,807,117.81,6.85,2025-04-19 06:30:00,2025-04-19 22:14:54.061094,Y
TRIP-000298,LOAD-00298,DRV-02,TRK-02,839,124.3,6.75,2025-04-20 08:10:00,2025-04-21 02:11:14.621525,Y
TRIP-000299,LOAD-00299,DRV-02,TRK-02,818,112.05,7.3,2025-04-21 07:10:00,2025-04-21 22:50:16.292144,Y
TRIP-000300,LOAD-00300,DRV-02,TRK-02,834,118.8,7.02,2025-04-22 08:40:00,2025-04-23 02:14:59.770283,Y
TRIP-000301,LOAD-00301,DRV-02,TRK-02,823,116.24,7.08,2025-04-20 05:10:00,2025-04-20 21:00:03.590298,Y
TRIP-000302,LOAD-00302,DRV-02,TRK-02,818,113.77,7.19,2025-04-21 05:10:00,2025-04-21 21:32:16.915937,Y
TRIP-000303,LOAD-00303,DRV-01,TRK-01,814,149.36,5.45,2025-04-26 04:50:00,2025-04-26 20:58:33.818110,Y
TRIP-000304,LOAD-00304,DRV-01,TRK-01,311,60.51,5.14,2025-04-27 06:50:00,2025-04-27 13:16:16.491634,N
TRIP-000305,LOAD-00305,DRV-01,TRK-01,279,51.29,5.44,2025-04-22 05:05:00,2025-04-22 10:47:52.135752,Y
TRIP-000306,LOAD-00306,DRV-01,TRK-01,336,65.24,5.15,2025-04-23 06:50:00,2025-04-23 13:53:23.491126,N
TRIP-000307,LOAD-00307,DRV-01,TRK-01,261,49.06,5.32,2025-04-24 06:45:00,2025-04-24 11:51:26.864814,Y
TRIP-000308,LOAD-00308,DRV-01,TRK-01,835,162.77,5.13,2025-04-25 08:30:00,2025-04-26 01:42:26.049816,N
TRIP-000309,LOAD-00309,DRV-02,TRK-02,822,115.77,7.1,2025-04-27 04:20:00,2025-04-27 19:53:08.856303,Y
TRIP-000310,LOAD-00310,DRV-02,TRK-02,830,118.74,6.99,2025-04-29 05:30:00,2025-04-29 21:29:27.340651,N
TRIP-000311,LOAD-00311,DRV-02,TRK-02,812,118.02,6.88,2025-04-28 06:00:00,2025-04-28 21:39:34.135717,Y
TRIP-000312,LOAD-00312,DRV-02,TRK-02,811,114.71,7.07,2025-04-23 07:00:00,2025-04-23 23:18:25.778472,Y
TRIP-000313,LOAD-00313,DRV-02,TRK-02,337,48.63,6.93,2025-04-25 06:15:00,2025-04-25 13:06:38.840911,Y
TRIP-000314,LOAD-00314,DRV-01,TRK-01,773,146.96,5.26,2025-05-01 04:15:00,2025-05-01 18:38:38.398091,Y
TRIP-000315,LOAD-00315,DRV-01,TRK-01,855,166.67,5.13,2025-05-02 07:40:00,2025-05-03 00:42:51.798530,Y
TRIP-000316,LOAD-00316,DRV-01,TRK-01,796,153.08,5.2,2025-04-29 05:40:00,2025-04-29 21:53:17.429494,Y
TRIP-000317,LOAD-00317,DRV-01,TRK-01,328,66.8,4.91,2025-05-01 08:10:00,2025-05-01 14:44:15.176759,Y
TRIP-000318,LOAD-00318,DRV-01,TRK-01,806,154.41,5.22,2025-05-04 04:40:00,2025-05-04 19:40:08.444272,Y
TRIP-000319,LOAD-00319,DRV-02,TRK-02,257,35.45,7.25,2025-05-04 06:15:00,2025-05-04 11:29:18.652105,Y
TRIP-000320,LOAD-00320,DRV-02,TRK-02,842,123.1,6.84,2025-05-05 08:05:00,2025-05-06 00:40:20.506339,Y
TRIP-000321,LOAD-00321,DRV-02,TRK-02,805,111.34,7.23,2025-04-29 07:50:00,2025-04-30 00:17:51.413479,Y
TRIP-000322,LOAD-00322,DRV-02,TRK-02,844,119.38,7.07,2025-04-30 05:05:00,2025-04-30 23:09:42.894239,Y
TRIP-000323,LOAD-00323,DRV-02,TRK-02,810,116.71,6.94,2025-05-05 05:00:00,2025-05-05 20:42:37.102099,Y
TRIP-000324,LOAD-00324,DRV-02,TRK-02,815,121.46,6.71,2025-05-07 08:05:00,2025-05-08 01:47:09.827277,Y
TRIP-000325,LOAD-00325,DRV-01,TRK-01,800,155.04,5.16,2025-05-11 05:00:00,2025-05-11 20:30:38.158871,Y
TRIP-000326,LOAD-00326,DRV-01,TRK-01,844,159.55,5.29,2025-05-12 06:20:00,2025-05-13 00:33:18.100842,Y
TRIP-000327,LOAD-00327,DRV-01,TRK-01,279,54.92,5.08,2025-05-11 07:00:00,2025-05-11 12:44:15.392648,Y
TRIP-000328,LOAD-00328,DRV-01,TRK-01,819,154.82,5.29,2025-05-13 07:15:00,2025-05-14 00:49:46.160542,Y
TRIP-000329,LOAD-00329,DRV-01,TRK-01,281,55.75,5.04,2025-05-09 06:10:00,2025-05-09 11:42:14.402825,Y
TRIP-000330,LOAD-00330,DRV-01,TRK-01,338,67.87,4.98,2025-05-11 06:50:00,2025-05-11 13:26:38.150318,Y
TRIP-000331,LOAD-00331,DRV-02,TRK-02,829,116.76,7.1,2025-05-06 05:00:00,2025-05-06 21:24:49.270732,Y
TRIP-000332,LOAD-00332,DRV-02,TRK-02,820,122.21,6.71,2025-05-07 07:10:00,2025-05-07 23:29:41.564585,N
TRIP-000333,LOAD-00333,DRV-02,TRK-02,831,115.9,7.17,2025-05-12 04:05:00,2025-05-12 20:36:04.183570,Y
TRIP-000334,LOAD-00334,DRV-02,TRK-02,808,119.35,6.77,2025-05-14 07:45:00,2025-05-15 00:00:09.738728,Y
TRIP-000335,LOAD-00335,DRV-02,TRK-02,802,111.54,7.19,2025-05-07 05:15:00,2025-05-07 21:18:53.314418,N
TRIP-000336,LOAD-00336,DRV-02,TRK-02,817,112.85,7.24,2025-05-08 08:05:00,2025-05-09 01:39:37.437691,N
TRIP-000337,LOAD-00337,DRV-01,TRK-01,798,146.96,5.43,2025-05-14 05:45:00,2025-05-14 21:41:03.986467,Y
TRIP-000338,LOAD-00338,DRV-01,TRK-01,834,165.15,5.05,2025-05-16 06:20:00,2025-05-17 00:03:59.528209,Y
TRIP-000339,LOAD-00339,DRV-01,TRK-01,790,156.75,5.04,2025-05-16 05:10:00,2025-05-16 21:17:59.304795,Y
TRIP-000340,LOAD-00340,DRV-01,TRK-01,844,157.46,5.36,2025-05-17 06:00:00,2025-05-17 22:17:12.712719,Y
TRIP-000341,LOAD-00341,DRV-01,TRK-01,793,149.91,5.29,2025-05-19 07:00:00,2025-05-19 23:14:16.229987,Y
TRIP-000342,LOAD-00342,DRV-02,TRK-02,834,113.93,7.32,2025-05-17 06:40:00,2025-05-17 23:43:34.251369,Y
TRIP-000343,LOAD-00343,DRV-02,TRK-02,326,48.08,6.78,2025-05-19 05:10:00,2025-05-19 12:03:59.828641,Y
TRIP-000344,LOAD-00344,DRV-02,TRK-02,800,116.45,6.87,2025-05-16 07:20:00,2025-05-16 22:55:14.971641,Y
TRIP-000345,LOAD-00345,DRV-02,TRK-02,828,120.7,6.86,2025-05-19 05:00:00,2025-05-19 21:59:47.128853,Y
TRIP-000346,LOAD-00346,DRV-02,TRK-02,815,115.6,7.05,2025-05-21 06:30:00,2025-05-21 23:12:44.543497,Y
TRIP-000347,LOAD-00347,DRV-01,TRK-01,804,150.84,5.33,2025-05-22 05:05:00,2025-05-22 20:40:01.096021,Y
TRIP-000348,LOAD-00348,DRV-01,TRK-01,821,163.87,5.01,2025-05-23 06:15:00,2025-05-23 22:25:14.747245,Y
TRIP-000349,LOAD-00349,DRV-01,TRK-01,260,48.06,5.41,2025-05-26 07:30:00,2025-05-26 12:42:49.009339,Y
TRIP-000350,LOAD-00350,DRV-01,TRK-01,834,168.15,4.96,2025-05-27 06:05:00,2025-05-27 23:15:42.890406,Y
TRIP-000351,LOAD-00351,DRV-02,TRK-02,255,36.27,7.03,2025-05-21 06:00:00,2025-05-21 11:16:07.928102,Y
TRIP-000352,LOAD-00352,DRV-02,TRK-02,847,120.31,7.04,2025-05-22 05:00:00,2025-05-22 22:13:29.598525,Y
TRIP-000353,LOAD-00353,DRV-02,TRK-02,795,110.88,7.17,2025-05-20 05:45:00,2025-05-20 21:01:34.937076,Y
TRIP-000354,LOAD-00354,DRV-02,TRK-02,329,46.6,7.06,2025-05-22 07:45:00,2025-05-22 14:41:50.959411,Y
TRIP-000355,LOAD-00355,DRV-01,TRK-01,807,161.08,5.01,2025-05-27 07:40:00,2025-05-27 23:08:06.938829,N
TRIP-000356,LOAD-00356,DRV-01,TRK-01,325,63.98,5.08,2025-05-29 08:45:00,2025-05-29 15:22:24.224050,Y
TRIP-000357,LOAD-00357,DRV-01,TRK-01,283,53.5,5.29,2025-05-28 05:40:00,2025-05-28 11:08:53.667717,Y
TRIP-000358,LOAD-00358,DRV-01,TRK-01,807,149.44,5.4,2025-05-29 05:40:00,2025-05-29 22:14:14.181782,N
TRIP-000359,LOAD-00359,DRV-02,TRK-02,800,115.27,6.94,2025-06-02 07:45:00,2025-06-02 22:57:49.442033,Y
TRIP-000360,LOAD-00360,DRV-02,TRK-02,842,125.11,6.73,2025-06-03 07:30:00,2025-06-04 00:03:22.038926,Y
TRIP-000361,LOAD-00361,DRV-02,TRK-02,817,114.43,7.14,2025-05-29 04:05:00,2025-05-29 19:26:11.543405,Y
TRIP-000362,LOAD-00362,DRV-01,TRK-01,808,152.45,5.3,2025-06-07 05:30:00,2025-06-07 21:20:57.234995,Y
TRIP-000363,LOAD-00363,DRV-01,TRK-01,817,152.71,5.35,2025-06-04 04:05:00,2025-06-04 19:55:53.971362,Y
TRIP-000364,LOAD-00364,DRV-01,TRK-01,845,160.95,5.25,2025-06-05 06:45:00,2025-06-06 00:37:23.208682,N
TRIP-000365,LOAD-00365,DRV-01,TRK-01,835,165.35,5.05,2025-06-09 07:10:00,2025-06-10 00:03:18.211728,Y
TRIP-000366,LOAD-00366,DRV-01,TRK-01,834,162.57,5.13,2025-06-10 08:40:00,2025-06-11 01:23:10.612861,Y
TRIP-000367,LOAD-00367,DRV-02,TRK-02,803,111.22,7.22,2025-06-08 04:05:00,2025-06-08 20:10:51.108785,Y
TRIP-000368,LOAD-00368,DRV-02,TRK-02,846,117.01,7.23,2025-06-10 06:05:00,2025-06-10 22:47:23.195182,Y
TRIP-000369,LOAD-00369,DRV-02,TRK-02,800,114.29,7.0,2025-06-06 04:45:00,2025-06-06 20:22:29.099331,Y
TRIP-000370,LOAD-00370,DRV-02,TRK-02,808,113.64,7.11,2025-06-07 06:20:00,2025-06-07 22:43:02.446441,Y
TRIP-000371,LOAD-00371,DRV-02,TRK-02,818,118.04,6.93,2025-06-04 05:20:00,2025-06-04 21:56:17.941090,N
TRIP-000372,LOAD-00372,DRV-02,TRK-02,316,45.14,7.0,2025-06-05 07:40:00,2025-06-05 14:02:09.614790,Y
TRIP-000373,LOAD-00373,DRV-01,TRK-01,814,154.75,5.26,2025-06-15 06:05:00,2025-06-15 22:48:35.798927,Y
TRIP-000374,LOAD-00374,DRV-01,TRK-01,816,160.0,5.1,2025-06-17 08:15:00,2025-06-18 01:56:28.622543,Y
TRIP-000375,LOAD-00375,DRV-01,TRK-01,819,156.0,5.25,2025-06-11 05:05:00,2025-06-11 20:19:15.793393,Y
TRIP-000376,LOAD-00376,DRV-01,TRK-01,338,67.47,5.01,2025-06-12 07:15:00,2025-06-12 14:13:03.495207,Y
TRIP-000377,LOAD-00377,DRV-02,TRK-02,792,112.66,7.03,2025-06-11 06:40:00,2025-06-11 21:51:43.358066,Y
TRIP-000378,LOAD-00378,DRV-02,TRK-02,271,36.92,7.34,2025-06-14 06:10:00,2025-06-14 11:12:11.016039,Y
TRIP-000379,LOAD-00379,DRV-01,TRK-01,799,156.36,5.11,2025-06-17 05:45:00,2025-06-17 20:45:37.118541,N
TRIP-000380,LOAD-00380,DRV-01,TRK-01,800,160.64,4.98,2025-06-23 05:00:00,2025-06-23 21:12:04.196059,Y
TRIP-000381,LOAD-00381,DRV-01,TRK-01,307,60.55,5.07,2025-06-24 06:20:00,2025-06-24 12:51:12.976981,Y
TRIP-000382,LOAD-00382,DRV-02,TRK-02,803,112.15,7.16,2025-06-21 06:00:00,2025-06-21 22:09:18.334486,N
TRIP-000383,LOAD-00383,DRV-02,TRK-02,321,44.09,7.28,2025-06-22 08:30:00,2025-06-22 14:42:38.729752,N
TRIP-000384,LOAD-00384,DRV-02,TRK-02,276,40.53,6.81,2025-06-23 06:10:00,2025-06-23 11:44:56.891939,Y
TRIP-000385,LOAD-00385,DRV-02,TRK-02,843,124.34,6.78,2025-06-25 05:30:00,2025-06-25 22:40:38.882286,Y
TRIP-000386,LOAD-00386,DRV-01,TRK-01,816,154.84,5.27,2025-06-27 05:45:00,2025-06-27 21:41:55.737961,Y
TRIP-000387,LOAD-00387,DRV-01,TRK-01,850,172.06,4.94,2025-06-28 05:50:00,2025-06-29 00:03:20.771288,Y
TRIP-000388,LOAD-00388,DRV-01,TRK-01,263,48.98,5.37,2025-06-28 04:05:00,2025-06-28 09:17:29.439563,Y
TRIP-000389,LOAD-00389,DRV-01,TRK-01,821,160.35,5.12,2025-06-30 05:00:00,2025-06-30 21:58:24.491522,Y
TRIP-000390,LOAD-00390,DRV-02,TRK-02,784,107.84,7.27,2025-06-24 05:45:00,2025-06-24 20:51:30.159907,Y
TRIP-000391,LOAD-00391,DRV-02,TRK-02,816,113.02,7.22,2025-06-26 06:15:00,2025-06-26 23:19:55.964136,Y
TRIP-000392,LOAD-00392,DRV-02,TRK-02,823,119.45,6.89,2025-06-29 04:50:00,2025-06-29 21:56:18.599504,Y
TRIP-000393,LOAD-00393,DRV-01,TRK-01,832,162.5,5.12,2025-07-04 05:50:00,2025-07-04 22:42:12.126182,N
TRIP-000394,LOAD-00394,DRV-01,TRK-01,844,168.8,5.0,2025-07-05 05:45:00,2025-07-05 23:47:38.360800,Y
TRIP-000395,LOAD-00395,DRV-01,TRK-01,274,51.8,5.29,2025-07-02 05:50:00,2025-07-02 11:31:08.203920,Y
TRIP-000396,LOAD-00396,DRV-01,TRK-01,808,150.75,5.36,2025-07-03 08:45:00,2025-07-04 00:21:20.597044,Y
TRIP-000397,LOAD-00397,DRV-01,TRK-01,265,48.98,5.41,2025-07-01 05:20:00,2025-07-01 10:24:18.729585,Y
TRIP-000398,LOAD-00398,DRV-01,TRK-01,332,66.53,4.99,2025-07-03 07:30:00,2025-07-03 14:06:05.589933,Y
TRIP-000399,LOAD-00399,DRV-02,TRK-02,835,115.49,7.23,2025-07-02 06:00:00,2025-07-02 22:29:02.058681,Y
TRIP-000400,LOAD-00400,DRV-02,TRK-02,831,119.74,6.94,2025-07-04 07:30:00,2025-07-04 23:38:59.687286,Y
TRIP-000401,LOAD-00401,DRV-02,TRK-02,800,111.58,7.17,2025-07-06 07:15:00,2025-07-06 22:15:48.121649,Y
TRIP-000402,LOAD-00402,DRV-02,TRK-02,834,116.81,7.14,2025-07-07 05:00:00,2025-07-07 21:20:13.503795,Y
TRIP-000403,LOAD-00403,DRV-02,TRK-02,266,38.22,6.96,2025-07-05 06:10:00,2025-07-05 11:15:14.616933,Y
TRIP-000404,LOAD-00404,DRV-02,TRK-02,313,44.91,6.97,2025-07-07 07:50:00,2025-07-07 14:17:53.047045,Y
TRIP-000405,LOAD-00405,DRV-01,TRK-01,811,155.96,5.2,2025-07-13 07:45:00,2025-07-14 00:22:36.925062,Y
TRIP-000406,LOAD-00406,DRV-01,TRK-01,804,154.32,5.21,2025-07-08 04:30:00,2025-07-08 20:38:06.018077,Y
TRIP-000407,LOAD-00407,DRV-01,TRK-01,831,161.67,5.14,2025-07-09 07:45:00,2025-07-09 23:55:00.382848,N
TRIP-000408,LOAD-00408,DRV-01,TRK-01,828,161.09,5.14,2025-07-11 07:30:00,2025-07-11 23:39:26.528835,N
TRIP-000409,LOAD-00409,DRV-01,TRK-01,851,164.92,5.16,2025-07-12 08:50:00,2025-07-13 01:23:44.937793,Y
TRIP-000410,LOAD-00410,DRV-02,TRK-02,827,116.48,7.1,2025-07-12 07:00:00,2025-07-12 23:31:36.712810,Y
TRIP-000411,LOAD-00411,DRV-02,TRK-02,824,119.77,6.88,2025-07-13 08:10:00,2025-07-14 01:56:35.191858,N
TRIP-000412,LOAD-00412,DRV-02,TRK-02,814,118.14,6.89,2025-07-10 05:45:00,2025-07-10 21:41:40.603963,Y
TRIP-000413,LOAD-00413,DRV-02,TRK-02,850,116.76,7.28,2025-07-12 05:15:00,2025-07-12 22:03:20.768679,Y
TRIP-000414,LOAD-00414,DRV-02,TRK-02,819,111.73,7.33,2025-07-09 07:00:00,2025-07-10 00:03:37.314709,Y
TRIP-000415,LOAD-00415,DRV-02,TRK-02,334,47.44,7.04,2025-07-10 07:05:00,2025-07-10 13:59:17.443159,Y
TRIP-000416,LOAD-00416,DRV-01,TRK-01,820,161.1,5.09,2025-07-20 06:30:00,2025-07-20 23:08:42.364777,N
TRIP-000417,LOAD-00417,DRV-01,TRK-01,839,170.53,4.92,2025-07-21 08:05:00,2025-07-22 01:31:10.729954,N
TRIP-000418,LOAD-00418,DRV-01,TRK-01,789,149.15,5.29,2025-07-17 06:15:00,2025-07-17 22:30:16.929442,Y
TRIP-000419,LOAD-00419,DRV-01,TRK-01,851,165.24,5.15,2025-07-19 06:50:00,2025-07-20 00:52:38.221146,Y
TRIP-000420,LOAD-00420,DRV-01,TRK-01,784,146.0,5.37,2025-07-19 04:50:00,2025-07-19 20:00:05.882241,Y
TRIP-000421,LOAD-00421,DRV-01,TRK-01,818,162.3,5.04,2025-07-20 08:50:00,2025-07-21 01:37:56.655382,Y
TRIP-000422,LOAD-00422,DRV-02,TRK-02,271,39.91,6.79,2025-07-18 04:00:00,2025-07-18 09:19:34.604231,Y
TRIP-000423,LOAD-00423,DRV-02,TRK-02,819,114.23,7.17,2025-07-19 08:05:00,2025-07-20 00:32:41.828984,Y
TRIP-000424,LOAD-00424,DRV-02,TRK-02,279,41.09,6.79,2025-07-16 04:50:00,2025-07-16 10:36:29.341379,Y
TRIP-000425,LOAD-00425,DRV-02,TRK-02,826,116.5,7.09,2025-07-17 05:45:00,2025-07-17 22:34:18.075961,Y
TRIP-000426,LOAD-00426,DRV-02,TRK-02,820,119.53,6.86,2025-07-16 05:00:00,2025-07-16 21:57:18.463890,Y
TRIP-000427,LOAD-00427,DRV-02,TRK-02,303,44.3,6.84,2025-07-17 05:40:00,2025-07-17 11:58:15.261350,N
TRIP-000428,LOAD-00428,DRV-01,TRK-01,798,154.05,5.18,2025-07-28 04:45:00,2025-07-28 20:55:52.385501,Y
TRIP-000429,LOAD-00429,DRV-01,TRK-01,300,60.73,4.94,2025-07-30 05:50:00,2025-07-30 12:15:30.728832,Y
TRIP-000430,LOAD-00430,DRV-01,TRK-01,807,160.12,5.04,2025-07-23 04:10:00,2025-07-23 19:22:35.907827,N
TRIP-000431,LOAD-00431,DRV-01,TRK-01,848,157.33,5.39,2025-07-24 08:05:00,2025-07-25 02:14:15.111635,N
TRIP-000432,LOAD-00432,DRV-01,TRK-01,784,145.72,5.38,2025-07-27 06:10:00,2025-07-27 21:51:26.316219,Y
TRIP-000433,LOAD-00433,DRV-01,TRK-01,846,163.95,5.16,2025-07-29 06:30:00,2025-07-29 23:19:38.911411,Y
TRIP-000434,LOAD-00434,DRV-02,TRK-02,777,113.76,6.83,2025-07-25 04:20:00,2025-07-25 19:40:07.496779,Y
TRIP-000435,LOAD-00435,DRV-02,TRK-02,316,44.57,7.09,2025-07-26 07:05:00,2025-07-26 13:41:55.551603,Y
TRIP-000436,LOAD-00436,DRV-02,TRK-02,791,109.86,7.2,2025-07-26 06:15:00,2025-07-26 21:23:36.365966,N
TRIP-000437,LOAD-00437,DRV-02,TRK-02,330,48.25,6.84,2025-07-27 08:45:00,2025-07-27 15:37:07.355186,Y
TRIP-000438,LOAD-00438,DRV-02,TRK-02,794,114.24,6.95,2025-07-23 07:40:00,2025-07-23 22:54:08.377816,Y
TRIP-000439,LOAD-00439,DRV-02,TRK-02,839,121.07,6.93,2025-07-24 08:05:00,2025-07-25 01:34:20.352007,N
TRIP-000440,LOAD-00440,DRV-01,TRK-01,785,154.83,5.07,2025-07-30 04:45:00,2025-07-30 20:59:15.195388,Y
TRIP-000441,LOAD-00441,DRV-01,TRK-01,308,57.68,5.34,2025-07-31 07:40:00,2025-07-31 13:43:00.733435,Y
TRIP-000442,LOAD-00442,DRV-01,TRK-01,267,51.25,5.21,2025-07-30 07:45:00,2025-07-30 13:00:30.138852,Y
TRIP-000443,LOAD-00443,DRV-01,TRK-01,315,63.13,4.99,2025-08-01 08:45:00,2025-08-01 15:16:14.377643,Y
TRIP-000444,LOAD-00444,DRV-02,TRK-02,805,110.27,7.3,2025-08-03 07:50:00,2025-08-04 00:21:13.745092,Y
TRIP-000445,LOAD-00445,DRV-02,TRK-02,839,121.42,6.91,2025-08-05 08:15:00,2025-08-06 01:35:30.697194,Y
TRIP-000446,LOAD-00446,DRV-02,TRK-02,789,108.83,7.25,2025-08-02 05:00:00,2025-08-02 20:16:41.815890,Y
TRIP-000447,LOAD-00447,DRV-02,TRK-02,843,118.4,7.12,2025-08-03 05:40:00,2025-08-03 22:28:44.014626,Y
TRIP-000448,LOAD-00448,DRV-01,TRK-01,262,49.34,5.31,2025-08-10 04:40:00,2025-08-10 09:47:46.960134,Y
TRIP-000449,LOAD-00449,DRV-01,TRK-01,300,58.82,5.1,2025-08-11 07:00:00,2025-08-11 13:12:24.001648,Y
TRIP-000450,LOAD-00450,DRV-01,TRK-01,812,159.84,5.08,2025-08-11 04:30:00,2025-08-11 19:34:05.344576,Y
TRIP-000451,LOAD-00451,DRV-02,TRK-02,830,118.91,6.98,2025-08-10 05:50:00,2025-08-10 21:56:31.478775,N
TRIP-000452,LOAD-00452,DRV-02,TRK-02,839,123.02,6.82,2025-08-11 05:15:00,2025-08-11 21:31:42.509612,Y
TRIP-000453,LOAD-00453,DRV-02,TRK-02,270,37.5,7.2,2025-08-10 05:30:00,2025-08-10 10:53:38.107834,Y
TRIP-000454,LOAD-00454,DRV-02,TRK-02,304,41.82,7.27,2025-08-12 05:10:00,2025-08-12 11:03:17.123362,Y
TRIP-000455,LOAD-00455,DRV-01,TRK-01,829,164.48,5.04,2025-08-17 05:20:00,2025-08-17 22:00:33.652954,Y
TRIP-000456,LOAD-00456,DRV-01,TRK-01,330,67.21,4.91,2025-08-18 08:40:00,2025-08-18 15:07:17.503224,Y
TRIP-000457,LOAD-00457,DRV-01,TRK-01,832,166.73,4.99,2025-08-14 05:45:00,2025-08-14 22:40:09.872340,N
TRIP-000458,LOAD-00458,DRV-01,TRK-01,796,154.56,5.15,2025-08-17 04:05:00,2025-08-17 19:54:20.037018,Y
TRIP-000459,LOAD-00459,DRV-01,TRK-01,820,159.53,5.14,2025-08-18 07:00:00,2025-08-18 23:20:22.558255,Y
TRIP-000460,LOAD-00460,DRV-02,TRK-02,796,113.88,6.99,2025-08-18 04:50:00,2025-08-18 19:43:22.999533,Y
TRIP-000461,LOAD-00461,DRV-02,TRK-02,306,43.22,7.08,2025-08-19 07:10:00,2025-08-19 13:35:35.990212,Y
TRIP-000462,LOAD-00462,DRV-02,TRK-02,829,121.02,6.85,2025-08-18 06:10:00,2025-08-18 22:02:25.829838,Y
TRIP-000463,LOAD-00463,DRV-02,TRK-02,841,120.83,6.96,2025-08-20 05:10:00,2025-08-20 23:15:39.292947,Y
TRIP-000464,LOAD-00464,DRV-02,TRK-02,254,37.3,6.81,2025-08-12 04:40:00,2025-08-12 09:35:14.781819,N
TRIP-000465,LOAD-00465,DRV-02,TRK-02,324,45.83,7.07,2025-08-14 07:30:00,2025-08-14 13:52:23.638427,Y
TRIP-000466,LOAD-00466,DRV-01,TRK-01,834,161.63,5.16,2025-08-21 05:00:00,2025-08-21 20:28:05.499482,N
TRIP-000467,LOAD-00467,DRV-01,TRK-01,330,61.22,5.39,2025-08-23 05:40:00,2025-08-23 12:34:32.716887,Y
TRIP-000468,LOAD-00468,DRV-01,TRK-01,281,55.86,5.03,2025-08-25 07:05:00,2025-08-25 12:36:16.992434,Y
TRIP-000469,LOAD-00469,DRV-01,TRK-01,822,164.07,5.01,2025-08-27 07:45:00,2025-08-27 23:38:47.922951,Y
TRIP-000470,LOAD-00470,DRV-02,TRK-02,276,38.66,7.14,2025-08-20 07:15:00,2025-08-20 12:50:37.286594,Y
TRIP-000471,LOAD-00471,DRV-02,TRK-02,834,123.74,6.74,2025-08-21 06:40:00,2025-08-21 22:44:33.019660,Y
TRIP-000472,LOAD-00472,DRV-02,TRK-02,816,115.74,7.05,2025-08-19 07:10:00,2025-08-19 22:58:40.533474,Y
TRIP-000473,LOAD-00473,DRV-02,TRK-02,808,110.84,7.29,2025-08-21 07:10:00,2025-08-21 23:01:11.878125,Y
TRIP-000474,LOAD-00474,DRV-01,TRK-01,803,153.83,5.22,2025-08-31 06:40:00,2025-08-31 22:05:20.353190,N
TRIP-000475,LOAD-00475,DRV-01,TRK-01,336,67.61,4.97,2025-09-01 08:20:00,2025-09-01 14:52:20.718471,Y
TRIP-000476,LOAD-00476,DRV-01,TRK-01,782,144.55,5.41,2025-09-01 04:30:00,2025-09-01 19:01:23.452137,Y
TRIP-000477,LOAD-00477,DRV-01,TRK-01,824,157.25,5.24,2025-09-03 06:40:00,2025-09-03 22:56:00.738543,N
TRIP-000478,LOAD-00478,DRV-01,TRK-01,823,156.17,5.27,2025-08-29 05:00:00,2025-08-29 20:58:26.532869,N
TRIP-000479,LOAD-00479,DRV-01,TRK-01,840,158.19,5.31,2025-08-30 05:40:00,2025-08-30 22:41:33.535635,Y
TRIP-000480,LOAD-00480,DRV-02,TRK-02,783,116.0,6.75,2025-09-01 07:30:00,2025-09-01 23:33:55.452403,Y
TRIP-000481,LOAD-00481,DRV-02,TRK-02,830,120.64,6.88,2025-09-02 07:50:00,2025-09-03 00:53:13.658579,Y
TRIP-000482,LOAD-00482,DRV-02,TRK-02,265,36.2,7.32,2025-09-01 05:30:00,2025-09-01 10:50:08.940276,Y
TRIP-000483,LOAD-00483,DRV-02,TRK-02,334,48.97,6.82,2025-09-02 07:15:00,2025-09-02 13:53:30.909285,Y
TRIP-000484,LOAD-00484,DRV-02,TRK-02,798,117.53,6.79,2025-08-26 04:30:00,2025-08-26 19:25:41.925279,Y
TRIP-000485,LOAD-00485,DRV-01,TRK-01,283,56.6,5.0,2025-09-02 06:20:00,2025-09-02 11:50:56.067525,Y
TRIP-000486,LOAD-00486,DRV-01,TRK-01,813,163.58,4.97,2025-09-03 07:00:00,2025-09-03 22:46:59.318099,Y
TRIP-000487,LOAD-00487,DRV-01,TRK-01,804,157.96,5.09,2025-09-05 07:50:00,2025-09-05 22:49:09.611408,N
TRIP-000488,LOAD-00488,DRV-01,TRK-01,850,158.58,5.36,2025-09-07 05:40:00,2025-09-07 22:38:43.963771,N
TRIP-000489,LOAD-00489,DRV-01,TRK-01,252,47.46,5.31,2025-09-07 06:15:00,2025-09-07 10:55:10.792629,Y
TRIP-000490,LOAD-00490,DRV-01,TRK-01,808,158.12,5.11,2025-09-09 08:10:00,2025-09-10 00:54:58.879714,Y
TRIP-000491,LOAD-00491,DRV-02,TRK-02,255,36.64,6.96,2025-09-04 07:30:00,2025-09-04 12:37:17.398762,Y
TRIP-000492,LOAD-00492,DRV-02,TRK-02,829,118.77,6.98,2025-09-06 07:20:00,2025-09-07 00:32:13.749740,N
TRIP-000493,LOAD-00493,DRV-02,TRK-02,784,114.96,6.82,2025-09-03 06:00:00,2025-09-03 22:03:53.598177,Y
TRIP-000494,LOAD-00494,DRV-02,TRK-02,308,45.49,6.77,2025-09-05 05:00:00,2025-09-05 11:35:14.227406,Y
TRIP-000495,LOAD-00495,DRV-02,TRK-02,257,35.64,7.21,2025-09-05 05:10:00,2025-09-05 10:04:24.750720,Y
TRIP-000496,LOAD-00496,DRV-02,TRK-02,829,122.45,6.77,2025-09-06 08:00:00,2025-09-07 01:24:00.668334,Y
TRIP-000497,LOAD-00497,DRV-01,TRK-01,813,157.56,5.16,2025-09-12 04:50:00,2025-09-12 20:54:44.868206,Y
TRIP-000498,LOAD-00498,DRV-01,TRK-01,842,168.74,4.99,2025-09-13 08:30:00,2025-09-14 02:02:22.511189,Y
TRIP-000499,LOAD-00499,DRV-01,TRK-01,815,160.75,5.07,2025-09-15 06:15:00,2025-09-15 22:04:24.277768,Y
TRIP-000500,LOAD-00500,DRV-01,TRK-01,834,158.56,5.26,2025-09-17 06:50:00,2025-09-17 23:24:20.662934,Y
TRIP-000501,LOAD-00501,DRV-01,TRK-01,799,147.69,5.41,2025-09-13 04:45:00,2025-09-13 20:34:02.601622,N
TRIP-000502,LOAD-00502,DRV-01,TRK-01,815,159.18,5.12,2025-09-14 08:50:00,2025-09-15 00:54:56.963210,Y
TRIP-000503,LOAD-00503,DRV-02,TRK-02,284,39.61,7.17,2025-09-14 06:20:00,2025-09-14 11:40:48.853963,Y
TRIP-000504,LOAD-00504,DRV-02,TRK-02,787,107.22,7.34,2025-09-11 05:50:00,2025-09-11 21:59:40.045110,Y
TRIP-000505,LOAD-00505,DRV-02,TRK-02,816,116.24,7.02,2025-09-13 05:40:00,2025-09-13 21:27:28.773744,Y
TRIP-000506,LOAD-00506,DRV-02,TRK-02,829,118.94,6.97,2025-09-14 07:05:00,2025-09-14 23:20:45.465276,Y
TRIP-000507,LOAD-00507,DRV-02,TRK-02,819,120.62,6.79,2025-09-15 08:15:00,2025-09-16 01:03:24.642506,Y
TRIP-000508,LOAD-00508,DRV-01,TRK-01,254,50.6,5.02,2025-09-16 04:20:00,2025-09-16 09:31:56.298675,Y
TRIP-000509,LOAD-00509,DRV-01,TRK-01,815,161.39,5.05,2025-09-18 08:10:00,2025-09-19 01:20:16.764168,Y
TRIP-000510,LOAD-00510,DRV-01,TRK-01,816,158.14,5.16,2025-09-22 05:30:00,2025-09-22 21:12:46.074656,Y
TRIP-000511,LOAD-00511,DRV-01,TRK-01,797,147.59,5.4,2025-09-18 05:10:00,2025-09-18 20:55:35.209702,Y
TRIP-000512,LOAD-00512,DRV-01,TRK-01,300,56.29,5.33,2025-09-19 06:10:00,2025-09-19 12:25:36.840212,Y
TRIP-000513,LOAD-00513,DRV-02,TRK-02,803,111.37,7.21,2025-09-19 06:30:00,2025-09-19 22:15:21.013474,Y
TRIP-000514,LOAD-00514,DRV-02,TRK-02,820,119.88,6.84,2025-09-20 05:15:00,2025-09-20 21:01:49.180872,Y
TRIP-000515,LOAD-00515,DRV-02,TRK-02,798,115.65,6.9,2025-09-18 05:00:00,2025-09-18 20:12:18.796610,Y
TRIP-000516,LOAD-00516,DRV-02,TRK-02,809,120.57,6.71,2025-09-19 08:10:00,2025-09-20 00:09:25.837659,Y
TRIP-000517,LOAD-00517,DRV-02,TRK-02,809,118.27,6.84,2025-09-18 04:10:00,2025-09-18 20:01:23.751165,Y
TRIP-000518,LOAD-00518,DRV-01,TRK-01,256,47.76,5.36,2025-09-26 07:45:00,2025-09-26 12:52:56.662542,Y
TRIP-000519,LOAD-00519,DRV-01,TRK-01,830,164.68,5.04,2025-09-27 05:05:00,2025-09-27 22:38:29.387232,Y
TRIP-000520,LOAD-00520,DRV-01,TRK-01,255,49.9,5.11,2025-09-27 06:00:00,2025-09-27 10:43:56.834342,Y
TRIP-000521,LOAD-00521,DRV-01,TRK-01,847,159.81,5.3,2025-09-28 06:00:00,2025-09-28 23:06:11.325107,Y
TRIP-000522,LOAD-00522,DRV-02,TRK-02,781,108.32,7.21,2025-09-23 05:50:00,2025-09-23 21:07:03.890202,Y
TRIP-000523,LOAD-00523,DRV-02,TRK-02,336,47.46,7.08,2025-09-24 08:05:00,2025-09-24 14:41:37.738738,Y
TRIP-000524,LOAD-00524,DRV-02,TRK-02,256,37.32,6.86,2025-09-24 07:20:00,2025-09-24 12:04:52.983576,N
TRIP-000525,LOAD-00525,DRV-02,TRK-02,843,121.82,6.92,2025-09-25 07:30:00,2025-09-26 01:37:43.192214,Y
TRIP-000526,LOAD-00526,DRV-01,TRK-01,262,50.0,5.24,2025-10-05 04:15:00,2025-10-05 09:27:20.560429,Y
TRIP-000527,LOAD-00527,DRV-01,TRK-01,827,162.16,5.1,2025-10-07 05:30:00,2025-10-07 22:42:34.602457,Y
TRIP-000528,LOAD-00528,DRV-01,TRK-01,796,159.84,4.98,2025-10-01 06:40:00,2025-10-01 21:26:33.380251,Y
TRIP-000529,LOAD-00529,DRV-01,TRK-01,841,162.98,5.16,2025-10-03 07:10:00,2025-10-03 23:39:44.157630,Y
TRIP-000530,LOAD-00530,DRV-02,TRK-02,796,109.94,7.24,2025-10-04 05:05:00,2025-10-04 20:17:33.539992,Y
TRIP-000531,LOAD-00531,DRV-02,TRK-02,822,114.48,7.18,2025-10-06 08:20:00,2025-10-07 01:03:59.210014,Y
TRIP-000532,LOAD-00532,DRV-02,TRK-02,796,115.7,6.88,2025-10-01 05:15:00,2025-10-01 20:02:13.794133,Y
TRIP-000533,LOAD-00533,DRV-02,TRK-02,837,116.25,7.2,2025-10-03 08:50:00,2025-10-04 00:58:40.043474,Y
TRIP-000534,LOAD-00534,DRV-01,TRK-01,807,150.84,5.35,2025-10-13 04:05:00,2025-10-13 19:37:59.308139,Y
TRIP-000535,LOAD-00535,DRV-01,TRK-01,850,166.99,5.09,2025-10-15 06:45:00,2025-10-15 23:11:23.832924,Y
TRIP-000536,LOAD-00536,DRV-01,TRK-01,788,154.51,5.1,2025-10-13 07:15:00,2025-10-13 23:39:29.301999,N
TRIP-000537,LOAD-00537,DRV-01,TRK-01,840,155.84,5.39,2025-10-14 06:40:00,2025-10-14 23:08:47.504611,N
TRIP-000538,LOAD-00538,DRV-01,TRK-01,804,160.48,5.01,2025-10-11 07:20:00,2025-10-11 22:29:46.574222,Y
TRIP-000539,LOAD-00539,DRV-01,TRK-01,826,164.54,5.02,2025-10-13 06:20:00,2025-10-13 23:50:49.459780,N
TRIP-000540,LOAD-00540,DRV-02,TRK-02,785,112.46,6.98,2025-10-09 07:00:00,2025-10-09 22:32:59.827393,Y
TRIP-000541,LOAD-00541,DRV-02,TRK-02,822,112.76,7.29,2025-10-10 07:45:00,2025-10-10 23:34:01.094509,Y
TRIP-000542,LOAD-00542,DRV-02,TRK-02,773,111.22,6.95,2025-10-11 05:05:00,2025-10-11 19:50:40.881007,N
TRIP-000543,LOAD-00543,DRV-02,TRK-02,830,122.78,6.76,2025-10-13 07:10:00,2025-10-13 23:30:59.917489,N
TRIP-000544,LOAD-00544,DRV-02,TRK-02,806,114.81,7.02,2025-10-11 04:50:00,2025-10-11 21:06:36.421872,Y
TRIP-000545,LOAD-00545,DRV-02,TRK-02,300,42.08,7.13,2025-10-13 06:45:00,2025-10-13 12:49:20.217243,Y
TRIP-000546,LOAD-00546,DRV-01,TRK-01,814,161.19,5.05,2025-10-18 07:45:00,2025-10-19 00:36:34.996151,Y
TRIP-000547,LOAD-00547,DRV-01,TRK-01,834,165.48,5.04,2025-10-19 08:00:00,2025-10-20 00:14:00.901904,N
TRIP-000548,LOAD-00548,DRV-01,TRK-01,812,156.15,5.2,2025-10-16 04:40:00,2025-10-16 20:58:29.802814,N
TRIP-000549,LOAD-00549,DRV-01,TRK-01,829,166.13,4.99,2025-10-18 06:30:00,2025-10-18 22:47:16.200599,Y
TRIP-000550,LOAD-00550,DRV-02,TRK-02,276,39.94,6.91,2025-10-16 05:10:00,2025-10-16 10:31:32.934447,Y
TRIP-000551,LOAD-00551,DRV-02,TRK-02,832,116.36,7.15,2025-10-19 06:30:00,2025-10-19 22:18:24.167260,Y
TRIP-000552,LOAD-00552,DRV-02,TRK-02,818,121.91,6.71,2025-10-20 06:45:00,2025-10-20 22:49:02.038621,Y
TRIP-000553,LOAD-00553,DRV-01,TRK-01,798,147.5,5.41,2025-10-27 05:30:00,2025-10-27 21:21:38.047211,Y
TRIP-000554,LOAD-00554,DRV-01,TRK-01,844,169.14,4.99,2025-10-28 05:45:00,2025-10-28 22:38:22.885019,Y
TRIP-000555,LOAD-00555,DRV-01,TRK-01,830,163.06,5.09,2025-10-22 04:00:00,2025-10-22 19:59:41.429099,Y
TRIP-000556,LOAD-00556,DRV-01,TRK-01,830,168.36,4.93,2025-10-24 05:20:00,2025-10-24 22:51:32.828048,Y
TRIP-000557,LOAD-00557,DRV-01,TRK-01,814,154.46,5.27,2025-10-26 06:00:00,2025-10-26 22:45:39.185041,Y
TRIP-000558,LOAD-00558,DRV-01,TRK-01,310,59.16,5.24,2025-10-27 05:30:00,2025-10-27 11:28:57.229736,Y
TRIP-000559,LOAD-00559,DRV-02,TRK-02,801,110.94,7.22,2025-10-25 04:20:00,2025-10-25 19:29:49.489088,Y
TRIP-000560,LOAD-00560,DRV-02,TRK-02,814,111.66,7.29,2025-10-26 06:10:00,2025-10-26 23:04:28.451689,Y
TRIP-000561,LOAD-00561,DRV-02,TRK-02,789,108.38,7.28,2025-10-21 07:50:00,2025-10-21 23:55:08.595136,N
TRIP-000562,LOAD-00562,DRV-02,TRK-02,329,46.27,7.11,2025-10-22 07:50:00,2025-10-22 14:24:54.671506,Y
TRIP-000563,LOAD-00563,DRV-02,TRK-02,274,38.32,7.15,2025-10-23 04:00:00,2025-10-23 09:32:03.810904,Y
TRIP-000564,LOAD-00564,DRV-02,TRK-02,807,115.62,6.98,2025-10-24 07:15:00,2025-10-24 23:06:49.995354,Y
TRIP-000565,LOAD-00565,DRV-01,TRK-01,810,153.12,5.29,2025-10-29 05:20:00,2025-10-29 21:55:36.783861,Y
TRIP-000566,LOAD-00566,DRV-01,TRK-01,834,169.86,4.91,2025-10-31 05:40:00,2025-10-31 23:35:25.316299,Y
TRIP-000567,LOAD-00567,DRV-01,TRK-01,817,154.44,5.29,2025-11-01 07:50:00,2025-11-01 23:55:41.750495,Y
TRIP-000568,LOAD-00568,DRV-01,TRK-01,828,160.47,5.16,2025-11-02 08:10:00,2025-11-03 01:39:24.101620,Y
TRIP-000569,LOAD-00569,DRV-01,TRK-01,802,159.44,5.03,2025-10-28 04:50:00,2025-10-28 21:20:30.419183,Y
TRIP-000570,LOAD-00570,DRV-01,TRK-01,832,167.4,4.97,2025-10-29 05:10:00,2025-10-29 22:55:31.537098,Y
TRIP-000571,LOAD-00571,DRV-02,TRK-02,823,118.08,6.97,2025-10-31 06:40:00,2025-10-31 23:01:25.112434,Y
TRIP-000572,LOAD-00572,DRV-02,TRK-02,329,47.89,6.87,2025-11-02 06:30:00,2025-11-02 13:12:49.539264,N
TRIP-000573,LOAD-00573,DRV-02,TRK-02,801,111.56,7.18,2025-10-29 05:20:00,2025-10-29 20:31:47.129986,Y
TRIP-000574,LOAD-00574,DRV-02,TRK-02,819,121.69,6.73,2025-10-31 06:15:00,2025-10-31 23:49:58.581782,Y
TRIP-000575,LOAD-00575,DRV-02,TRK-02,796,110.56,7.2,2025-11-02 07:05:00,2025-11-02 23:32:21.422184,Y
TRIP-000576,LOAD-00576,DRV-02,TRK-02,312,45.55,6.85,2025-11-03 08:20:00,2025-11-03 14:55:19.732488,Y
TRIP-000577,LOAD-00577,DRV-01,TRK-01,278,53.15,5.23,2025-11-05 04:30:00,2025-11-05 10:09:37.983853,Y
TRIP-000578,LOAD-00578,DRV-01,TRK-01,809,156.18,5.18,2025-11-07 06:50:00,2025-11-07 23:45:42.433301,Y
TRIP-000579,LOAD-00579,DRV-02,TRK-02,810,119.29,6.79,2025-11-06 05:50:00,2025-11-06 20:56:52.269372,Y
TRIP-000580,LOAD-00580,DRV-02,TRK-02,830,118.57,7.0,2025-11-07 05:30:00,2025-11-07 21:29:47.415409,N
TRIP-000581,LOAD-00581,DRV-01,TRK-01,793,146.31,5.42,2025-11-16 04:15:00,2025-11-16 19:44:12.242539,N
TRIP-000582,LOAD-00582,DRV-01,TRK-01,829,167.47,4.95,2025-11-17 05:15:00,2025-11-17 22:21:01.446684,Y
TRIP-000583,LOAD-00583,DRV-02,TRK-02,800,116.62,6.86,2025-11-16 04:30:00,2025-11-16 20:28:07.319352,Y
TRIP-000584,LOAD-00584,DRV-01,TRK-01,811,149.63,5.42,2025-11-21 06:15:00,2025-11-21 22:06:06.833788,Y
TRIP-000585,LOAD-00585,DRV-01,TRK-01,822,161.49,5.09,2025-11-22 06:00:00,2025-11-22 21:50:53.113887,Y
TRIP-000586,LOAD-00586,DRV-02,TRK-02,283,41.86,6.76,2025-11-24 07:40:00,2025-11-24 13:15:08.906105,Y
TRIP-000587,LOAD-00587,DRV-02,TRK-02,337,49.34,6.83,2025-11-26 05:30:00,2025-11-26 12:11:33.075198,Y
TRIP-000588,LOAD-00588,DRV-01,TRK-01,835,164.37,5.08,2025-12-01 07:45:00,2025-12-01 23:39:45.727648,N
TRIP-000589,LOAD-00589,DRV-01,TRK-01,838,166.6,5.03,2025-12-03 07:00:00,2025-12-04 00:55:36.226075,Y
TRIP-000590,LOAD-00590,DRV-01,TRK-01,805,153.63,5.24,2025-11-27 04:20:00,2025-11-27 19:24:47.692027,Y
TRIP-000591,LOAD-00591,DRV-02,TRK-02,792,116.81,6.78,2025-11-25 05:00:00,2025-11-25 19:44:44.866416,N
TRIP-000592,LOAD-00592,DRV-02,TRK-02,819,115.51,7.09,2025-11-27 07:10:00,2025-11-28 00:54:49.860697,Y
TRIP-000593,LOAD-00593,DRV-02,TRK-02,253,37.15,6.81,2025-11-27 05:30:00,2025-11-27 10:27:16.169197,Y
TRIP-000594,LOAD-00594,DRV-02,TRK-02,334,46.78,7.14,2025-11-29 05:45:00,2025-11-29 12:26:09.572810,Y
TRIP-000595,LOAD-00595,DRV-01,TRK-01,807,156.09,5.17,2025-12-03 07:30:00,2025-12-04 00:08:48.041263,Y
TRIP-000596,LOAD-00596,DRV-01,TRK-01,853,169.58,5.03,2025-12-04 07:30:00,2025-12-05 01:18:51.231652,Y
TRIP-000597,LOAD-00597,DRV-01,TRK-01,782,156.09,5.01,2025-12-08 06:50:00,2025-12-08 21:47:40.570775,Y
TRIP-000598,LOAD-00598,DRV-02,TRK-02,817,113.79,7.18,2025-12-05 04:30:00,2025-12-05 19:48:14.583796,N
TRIP-000599,LOAD-00599,DRV-02,TRK-02,330,46.35,7.12,2025-12-07 06:50:00,2025-12-07 13:55:46.883430,N
TRIP-000600,LOAD-00600,DRV-02,TRK-02,823,118.42,6.95,2025-12-06 07:20:00,2025-12-06 23:48:50.993857,Y
TRIP-000601,LOAD-00601,DRV-02,TRK-02,823,121.03,6.8,2025-12-08 07:20:00,2025-12-09 00:09:24.416263,Y
TRIP-000602,LOAD-00602,DRV-01,TRK-01,773,147.24,5.25,2025-12-09 04:50:00,2025-12-09 19:55:22.390181,Y
TRIP-000603,LOAD-00603,DRV-01,TRK-01,328,61.42,5.34,2025-12-10 08:20:00,2025-12-10 15:23:01.985676,Y
TRIP-000604,LOAD-00604,DRV-02,TRK-02,804,112.45,7.15,2025-12-11 04:30:00,2025-12-11 19:34:09.349591,Y
TRIP-000605,LOAD-00605,DRV-02,TRK-02,842,121.5,6.93,2025-12-12 06:15:00,2025-12-12 23:56:31.756400,Y
TRIP-000606,LOAD-00606,DRV-01,TRK-01,813,163.58,4.97,2025-12-16 06:40:00,2025-12-16 22:21:57.032655,Y
TRIP-000607,LOAD-00607,DRV-01,TRK-01,819,165.12,4.96,2025-12-17 07:40:00,2025-12-17 23:28:21.153392,Y
TRIP-000608,LOAD-00608,DRV-02,TRK-02,798,111.45,7.16,2025-12-21 04:20:00,2025-12-21 20:25:10.547773,Y
TRIP-000609,LOAD-00609,DRV-01,TRK-01,800,155.34,5.15,2025-12-26 05:50:00,2025-12-26 22:04:52.353580,Y
TRIP-000610,LOAD-00610,DRV-01,TRK-01,819,162.18,5.05,2025-12-28 06:30:00,2025-12-28 23:33:59.063559,Y
TRIP-000611,LOAD-00611,DRV-01,TRK-01,262,51.47,5.09,2025-12-27 04:15:00,2025-12-27 09:18:32.244588,Y
TRIP-000612,LOAD-00612,DRV-02,TRK-02,278,41.12,6.76,2025-12-23 05:05:00,2025-12-23 10:23:13.683299,Y
TRIP-000613,LOAD-00613,DRV-02,TRK-02,839,122.13,6.87,2025-12-25 05:15:00,2025-12-25 21:26:47.396759,Y
TRIP-000614,LOAD-00614,DRV-02,TRK-02,277,38.42,7.21,2025-12-25 07:30:00,2025-12-25 12:56:46.440655,Y
TRIP-000615,LOAD-00615,DRV-02,TRK-02,333,46.7,7.13,2025-12-27 06:00:00,2025-12-27 12:34:49.615820,Y
TRIP-000616,LOAD-00616,DRV-01,TRK-01,803,157.14,5.11,2026-01-01 05:30:00,2026-01-01 21:19:01.119981,Y
TRIP-000617,LOAD-00617,DRV-01,TRK-01,832,161.55,5.15,2026-01-02 08:10:00,2026-01-03 00:38:37.985052,Y
TRIP-000618,LOAD-00618,DRV-02,TRK-02,825,115.22,7.16,2026-01-01 06:50:00,2026-01-01 22:48:47.918767,Y
TRIP-000619,LOAD-00619,DRV-02,TRK-02,809,110.82,7.3,2026-01-03 05:20:00,2026-01-03 21:26:45.782017,Y
TRIP-000620,LOAD-00620,DRV-01,TRK-01,271,52.83,5.13,2026-01-08 07:20:00,2026-01-08 12:36:32.859149,Y
TRIP-000621,LOAD-00621,DRV-01,TRK-01,826,159.15,5.19,2026-01-10 07:45:00,2026-01-11 01:13:45.555516,Y
TRIP-000622,LOAD-00622,DRV-02,TRK-02,802,115.4,6.95,2026-01-06 04:15:00,2026-01-06 19:51:54.000160,Y
TRIP-000623,LOAD-00623,DRV-02,TRK-02,836,117.42,7.12,2026-01-08 07:05:00,2026-01-09 00:01:27.977875,Y
TRIP-000624,LOAD-00624,DRV-01,TRK-01,772,152.87,5.05,2026-01-17 06:50:00,2026-01-17 22:32:03.037985,Y
TRIP-000625,LOAD-00625,DRV-01,TRK-01,336,63.28,5.31,2026-01-18 08:45:00,2026-01-18 15:36:55.068265,Y
TRIP-000626,LOAD-00626,DRV-02,TRK-02,779,114.9,6.78,2026-01-18 04:30:00,2026-01-18 20:32:01.693912,Y
TRIP-000627,LOAD-00627,DRV-01,TRK-01,818,152.33,5.37,2026-01-24 04:05:00,2026-01-24 20:43:25.235953,Y
TRIP-000628,LOAD-00628,DRV-01,TRK-01,834,161.0,5.18,2026-01-26 05:45:00,2026-01-26 23:40:27.538196,N
TRIP-000629,LOAD-00629,DRV-02,TRK-02,801,117.79,6.8,2026-01-20 05:20:00,2026-01-20 20:26:23.074853,Y
TRIP-000630,LOAD-00630,DRV-02,TRK-02,318,46.36,6.86,2026-01-21 08:20:00,2026-01-21 15:09:50.548281,Y
TRIP-000631,LOAD-00631,DRV-01,TRK-01,829,161.91,5.12,2026-01-27 06:15:00,2026-01-27 22:48:44.694080,N
TRIP-000632,LOAD-00632,DRV-01,TRK-01,825,157.14,5.25,2026-01-28 07:00:00,2026-01-29 00:34:15.413668,Y
TRIP-000633,LOAD-00633,DRV-02,TRK-02,801,112.66,7.11,2026-01-30 07:40:00,2026-01-30 23:25:17.520757,Y
TRIP-000634,LOAD-00634,DRV-02,TRK-02,338,46.43,7.28,2026-02-01 06:10:00,2026-02-01 13:23:31.480088,Y
TRIP-000635,LOAD-00635,DRV-01,TRK-01,814,151.02,5.39,2026-02-06 06:20:00,2026-02-06 23:07:22.737330,Y
TRIP-000636,LOAD-00636,DRV-01,TRK-01,845,161.57,5.23,2026-02-07 08:15:00,2026-02-08 00:57:24.326169,Y
TRIP-000637,LOAD-00637,DRV-01,TRK-01,833,157.77,5.28,2026-02-05 04:15:00,2026-02-05 19:52:28.387023,Y
TRIP-000638,LOAD-00638,DRV-01,TRK-01,820,161.74,5.07,2026-02-07 06:40:00,2026-02-08 00:08:56.411598,Y
TRIP-000639,LOAD-00639,DRV-02,TRK-02,258,36.13,7.14,2026-02-07 07:00:00,2026-02-07 12:16:08.533824,Y
TRIP-000640,LOAD-00640,DRV-02,TRK-02,332,47.98,6.92,2026-02-09 08:30:00,2026-02-09 15:00:05.458841,N
TRIP-000641,LOAD-00641,DRV-02,TRK-02,268,39.01,6.87,2026-02-09 07:40:00,2026-02-09 13:12:58.769828,Y
TRIP-000642,LOAD-00642,DRV-02,TRK-02,301,43.19,6.97,2026-02-11 07:00:00,2026-02-11 13:04:17.935210,Y
TRIP-000643,LOAD-00643,DRV-01,TRK-01,794,145.96,5.44,2026-02-11 05:50:00,2026-02-11 21:16:35.309140,Y
TRIP-000644,LOAD-00644,DRV-01,TRK-01,327,60.78,5.38,2026-02-12 06:20:00,2026-02-12 12:37:31.743105,Y
TRIP-000645,LOAD-00645,DRV-02,TRK-02,819,116.17,7.05,2026-02-11 04:40:00,2026-02-11 19:59:13.084880,Y
TRIP-000646,LOAD-00646,DRV-02,TRK-02,842,121.15,6.95,2026-02-13 07:50:00,2026-02-14 01:15:13.310138,N
TRIP-000647,LOAD-00647,DRV-01,TRK-01,777,147.44,5.27,2026-02-18 06:05:00,2026-02-18 21:51:41.351407,N
TRIP-000648,LOAD-00648,DRV-01,TRK-01,816,150.83,5.41,2026-02-17 05:40:00,2026-02-17 21:28:03.127092,N
TRIP-000649,LOAD-00649,DRV-02,TRK-02,828,113.58,7.29,2026-02-22 06:30:00,2026-02-22 22:14:04.435163,Y
TRIP-000650,LOAD-00650,DRV-02,TRK-02,831,116.39,7.14,2026-02-18 04:40:00,2026-02-18 20:48:30.819166,Y
TRIP-000651,LOAD-00651,DRV-02,TRK-02,841,118.79,7.08,2026-02-19 05:30:00,2026-02-19 23:43:42.923345,Y
TRIP-000652,LOAD-00652,DRV-01,TRK-01,810,158.82,5.1,2026-02-25 04:15:00,2026-02-25 19:59:19.190521,Y
TRIP-000653,LOAD-00653,DRV-01,TRK-01,841,157.79,5.33,2026-02-26 08:40:00,2026-02-27 02:46:58.805056,Y
TRIP-000654,LOAD-00654,DRV-02,TRK-02,254,36.44,6.97,2026-03-02 07:40:00,2026-03-02 12:29:02.967422,Y
TRIP-000655,LOAD-00655,DRV-02,TRK-02,313,45.63,6.86,2026-03-04 07:05:00,2026-03-04 13:30:14.105921,Y
TRIP-000656,LOAD-00656,DRV-01,TRK-01,790,154.9,5.1,2026-03-03 05:20:00,2026-03-03 20:52:07.323837,Y
TRIP-000657,LOAD-00657,DRV-01,TRK-01,845,162.19,5.21,2026-03-05 06:30:00,2026-03-05 23:26:47.026111,Y
TRIP-000658,LOAD-00658,DRV-01,TRK-01,776,151.56,5.12,2026-03-06 06:15:00,2026-03-06 21:58:32.652076,Y
TRIP-000659,LOAD-00659,DRV-02,TRK-02,797,111.78,7.13,2026-03-09 06:50:00,2026-03-09 23:17:57.089291,Y
TRIP-000660,LOAD-00660,DRV-02,TRK-02,843,122.89,6.86,2026-03-10 07:05:00,2026-03-10 23:47:24.281235,Y
TRIP-000661,LOAD-00661,DRV-02,TRK-02,801,117.62,6.81,2026-03-04 04:30:00,2026-03-04 19:41:15.667605,Y
TRIP-000662,LOAD-00662,DRV-01,TRK-01,801,146.97,5.45,2026-03-16 06:40:00,2026-03-16 22:11:14.922926,Y
TRIP-000663,LOAD-00663,DRV-01,TRK-01,845,165.04,5.12,2026-03-18 06:45:00,2026-03-19 01:06:14.266319,N
TRIP-000664,LOAD-00664,DRV-01,TRK-01,814,152.43,5.34,2026-03-16 05:15:00,2026-03-16 21:34:52.370484,Y
TRIP-000665,LOAD-00665,DRV-01,TRK-01,333,61.78,5.39,2026-03-18 08:20:00,2026-03-18 15:21:45.905503,Y
TRIP-000666,LOAD-00666,DRV-02,TRK-02,819,121.15,6.76,2026-03-10 05:15:00,2026-03-10 21:00:30.189455,Y
TRIP-000667,LOAD-00667,DRV-02,TRK-02,825,115.71,7.13,2026-03-11 08:00:00,2026-03-12 00:16:34.480972,Y
TRIP-000668,LOAD-00668,DRV-02,TRK-02,799,113.66,7.03,2026-03-10 04:30:00,2026-03-10 19:20:02.077970,Y
TRIP-000669,LOAD-00669,DRV-02,TRK-02,308,43.02,7.16,2026-03-11 05:30:00,2026-03-11 11:27:08.902390,Y
TRIP-000670,LOAD-00670,DRV-01,TRK-01,800,159.68,5.01,2026-03-22 07:40:00,2026-03-22 23:32:47.983962,Y
TRIP-000671,LOAD-00671,DRV-01,TRK-01,855,173.43,4.93,2026-03-24 05:05:00,2026-03-24 21:34:28.855574,N
TRIP-000672,LOAD-00672,DRV-02,TRK-02,281,40.03,7.02,2026-03-23 05:30:00,2026-03-23 11:18:04.362871,Y
TRIP-000673,LOAD-00673,DRV-02,TRK-02,816,121.61,6.71,2026-03-25 07:40:00,2026-03-26 01:03:51.428884,N
TRIP-000674,LOAD-00674,DRV-01,TRK-01,783,156.6,5.0,2026-03-29 04:10:00,2026-03-29 19:26:51.218424,N
TRIP-000675,LOAD-00675,DRV-01,TRK-01,799,148.79,5.37,2026-03-30 07:00:00,2026-03-30 22:46:14.360363,Y
TRIP-000676,LOAD-00676,DRV-01,TRK-01,835,163.41,5.11,2026-04-01 06:05:00,2026-04-01 22:31:14.687586,Y
TRIP-000677,LOAD-00677,DRV-02,TRK-02,825,112.7,7.32,2026-03-30 04:40:00,2026-03-30 20:02:12.359364,Y
TRIP-000678,LOAD-00678,DRV-02,TRK-02,792,115.96,6.83,2026-03-26 05:10:00,2026-03-26 20:20:51.657605,Y
TRIP-000679,LOAD-00679,DRV-02,TRK-02,838,115.91,7.23,2026-03-27 05:10:00,2026-03-27 23:18:47.150056,Y
TRIP-000680,LOAD-00680,DRV-01,TRK-01,805,160.04,5.03,2026-03-31 04:00:00,2026-03-31 20:04:13.551273,Y
TRIP-000681,LOAD-00681,DRV-01,TRK-01,813,160.67,5.06,2026-04-02 07:05:00,2026-04-02 23:43:13.499251,Y
TRIP-000682,LOAD-00682,DRV-01,TRK-01,258,50.89,5.07,2026-03-31 06:10:00,2026-03-31 11:05:31.897273,Y
TRIP-000683,LOAD-00683,DRV-02,TRK-02,774,107.5,7.2,2026-04-02 07:00:00,2026-04-02 21:40:07.563124,N
TRIP-000684,LOAD-00684,DRV-02,TRK-02,818,115.54,7.08,2026-04-01 04:20:00,2026-04-01 20:05:04.088675,Y
TRIP-000685,LOAD-00685,DRV-02,TRK-02,832,117.35,7.09,2026-04-03 06:05:00,2026-04-03 23:38:59.570734,Y
TRIP-000686,LOAD-00686,DRV-01,TRK-01,784,156.18,5.02,2026-04-13 05:00:00,2026-04-13 20:56:15.109799,Y
TRIP-000687,LOAD-00687,DRV-01,TRK-01,814,157.45,5.17,2026-04-14 08:15:00,2026-04-15 01:19:31.943059,N
TRIP-000688,LOAD-00688,DRV-01,TRK-01,811,160.59,5.05,2026-04-12 04:00:00,2026-04-12 19:26:18.592320,Y
TRIP-000689,LOAD-00689,DRV-01,TRK-01,307,58.37,5.26,2026-04-14 06:15:00,2026-04-14 12:33:32.565881,Y
TRIP-000690,LOAD-00690,DRV-02,TRK-02,801,117.11,6.84,2026-04-10 06:20:00,2026-04-10 21:15:01.396645,Y
TRIP-000691,LOAD-00691,DRV-02,TRK-02,841,124.96,6.73,2026-04-12 05:20:00,2026-04-12 21:48:21.973697,Y
TRIP-000692,LOAD-00692,DRV-02,TRK-02,829,115.94,7.15,2026-04-07 04:45:00,2026-04-07 20:53:22.923699,Y
TRIP-000693,LOAD-00693,DRV-02,TRK-02,840,117.81,7.13,2026-04-09 05:30:00,2026-04-09 22:20:22.425303,Y
TRIP-000694,LOAD-00694,DRV-01,TRK-01,273,54.6,5.0,2026-04-19 07:00:00,2026-04-19 12:12:44.912762,N
TRIP-000695,LOAD-00695,DRV-01,TRK-01,310,62.0,5.0,2026-04-21 07:40:00,2026-04-21 13:48:10.298482,N
TRIP-000696,LOAD-00696,DRV-01,TRK-01,797,151.23,5.27,2026-04-15 06:45:00,2026-04-15 22:07:30.585512,Y
TRIP-000697,LOAD-00697,DRV-01,TRK-01,784,149.62,5.24,2026-04-20 06:50:00,2026-04-20 22:08:13.228687,Y
TRIP-000698,LOAD-00698,DRV-01,TRK-01,844,162.62,5.19,2026-04-22 05:30:00,2026-04-22 21:43:54.552479,Y
TRIP-000699,LOAD-00699,DRV-02,TRK-02,785,114.77,6.84,2026-04-15 06:15:00,2026-04-15 20:50:40.046410,Y
TRIP-000700,LOAD-00700,DRV-02,TRK-02,819,117.5,6.97,2026-04-17 05:30:00,2026-04-17 21:28:58.496711,Y
TRIP-000701,LOAD-00701,DRV-02,TRK-02,837,117.39,7.13,2026-04-18 06:45:00,2026-04-19 00:19:42.843995,Y
TRIP-000702,LOAD-00702,DRV-02,TRK-02,261,38.44,6.79,2026-04-17 06:05:00,2026-04-17 10:56:27.956164,Y
TRIP-000703,LOAD-00703,DRV-02,TRK-02,836,122.22,6.84,2026-04-19 08:10:00,2026-04-20 00:41:20.845229,N
TRIP-000704,LOAD-00704,DRV-01,TRK-01,264,52.07,5.07,2026-04-25 05:10:00,2026-04-25 10:38:47.286320,N
TRIP-000705,LOAD-00705,DRV-01,TRK-01,826,165.53,4.99,2026-04-26 07:30:00,2026-04-27 01:03:01.424787,Y
TRIP-000706,LOAD-00706,DRV-01,TRK-01,805,147.98,5.44,2026-04-23 04:30:00,2026-04-23 21:04:22.846936,Y
TRIP-000707,LOAD-00707,DRV-02,TRK-02,823,119.97,6.86,2026-04-25 05:30:00,2026-04-25 22:26:25.807935,Y
TRIP-000708,LOAD-00708,DRV-02,TRK-02,319,43.94,7.26,2026-04-26 05:30:00,2026-04-26 11:52:02.982786,Y
TRIP-000709,LOAD-00709,DRV-02,TRK-02,816,113.02,7.22,2026-04-25 04:50:00,2026-04-25 21:41:43.268322,Y
TRIP-000710,LOAD-00710,DRV-01,TRK-01,285,55.34,5.15,2026-05-04 05:20:00,2026-05-04 11:02:32.102993,Y
TRIP-000711,LOAD-00711,DRV-01,TRK-01,834,161.94,5.15,2026-05-06 07:00:00,2026-05-06 23:57:47.459213,Y
TRIP-000712,LOAD-00712,DRV-01,TRK-01,276,54.76,5.04,2026-05-03 04:40:00,2026-05-03 09:55:50.533882,Y
TRIP-000713,LOAD-00713,DRV-01,TRK-01,828,159.54,5.19,2026-05-05 05:00:00,2026-05-05 21:04:03.088478,Y
TRIP-000714,LOAD-00714,DRV-02,TRK-02,781,114.18,6.84,2026-05-01 05:20:00,2026-05-01 19:59:18.715696,Y
TRIP-000715,LOAD-00715,DRV-02,TRK-02,817,114.75,7.12,2026-05-03 08:10:00,2026-05-04 00:30:50.155148,Y
TRIP-000716,LOAD-00716,DRV-02,TRK-02,818,119.94,6.82,2026-04-30 04:40:00,2026-04-30 20:07:08.110112,N
TRIP-000717,LOAD-00717,DRV-01,TRK-01,776,153.06,5.07,2026-05-05 06:45:00,2026-05-05 21:33:02.392608,Y
TRIP-000718,LOAD-00718,DRV-01,TRK-01,795,154.37,5.15,2026-05-07 05:20:00,2026-05-07 20:54:40.735400,Y
TRIP-000719,LOAD-00719,DRV-01,TRK-01,812,154.96,5.24,2026-05-08 08:50:00,2026-05-09 01:20:07.820846,Y
TRIP-000720,LOAD-00720,DRV-02,TRK-02,266,36.89,7.21,2026-05-09 04:50:00,2026-05-09 10:19:27.339865,Y
TRIP-000721,LOAD-00721,DRV-02,TRK-02,330,45.52,7.25,2026-05-11 06:45:00,2026-05-11 13:27:17.153617,Y
TRIP-000722,LOAD-00722,DRV-02,TRK-02,281,40.14,7.0,2026-05-07 05:40:00,2026-05-07 11:25:50.707373,Y
TRIP-000723,LOAD-00723,DRV-02,TRK-02,333,48.83,6.82,2026-05-08 06:15:00,2026-05-08 12:59:22.138166,N
TRIP-000724,LOAD-00724,DRV-01,TRK-01,830,162.75,5.1,2026-05-13 07:00:00,2026-05-13 23:52:16.079224,Y
TRIP-000725,LOAD-00725,DRV-01,TRK-01,781,148.2,5.27,2026-05-12 05:10:00,2026-05-12 20:38:30.838047,Y
TRIP-000726,LOAD-00726,DRV-01,TRK-01,836,156.85,5.33,2026-05-13 07:30:00,2026-05-14 01:12:18.347582,Y
TRIP-000727,LOAD-00727,DRV-01,TRK-01,821,164.2,5.0,2026-05-16 05:10:00,2026-05-16 21:55:43.563283,Y
TRIP-000728,LOAD-00728,DRV-02,TRK-02,820,112.48,7.29,2026-05-16 07:30:00,2026-05-16 22:52:50.463011,N
TRIP-000729,LOAD-00729,DRV-02,TRK-02,827,117.14,7.06,2026-05-17 08:00:00,2026-05-18 00:37:45.871050,Y
TRIP-000730,LOAD-00730,DRV-02,TRK-02,817,113.95,7.17,2026-05-12 06:45:00,2026-05-12 21:53:09.952454,Y
TRIP-000731,LOAD-00731,DRV-02,TRK-02,264,36.21,7.29,2026-05-16 07:40:00,2026-05-16 13:08:31.340466,Y
TRIP-000732,LOAD-00732,DRV-02,TRK-02,328,45.24,7.25,2026-05-17 05:30:00,2026-05-17 11:54:36.528536,N
TRIP-000733,LOAD-00733,DRV-01,TRK-01,772,145.11,5.32,2026-05-23 06:05:00,2026-05-23 21:51:30.847833,Y
TRIP-000734,LOAD-00734,DRV-01,TRK-01,820,161.1,5.09,2026-05-24 06:45:00,2026-05-24 22:51:30.026123,Y
TRIP-000735,LOAD-00735,DRV-01,TRK-01,263,48.35,5.44,2026-05-23 06:10:00,2026-05-23 11:06:13.919831,Y
TRIP-000736,LOAD-00736,DRV-01,TRK-01,832,165.41,5.03,2026-05-24 07:15:00,2026-05-25 00:09:58.713410,Y
TRIP-000737,LOAD-00737,DRV-02,TRK-02,819,120.44,6.8,2026-05-22 07:00:00,2026-05-22 22:12:18.868470,Y
TRIP-000738,LOAD-00738,DRV-02,TRK-02,314,44.54,7.05,2026-05-23 05:30:00,2026-05-23 11:58:47.227705,N
TRIP-000739,LOAD-00739,DRV-02,TRK-02,828,113.11,7.32,2026-05-22 05:30:00,2026-05-22 21:57:53.701361,Y
TRIP-000740,LOAD-00740,DRV-02,TRK-02,816,116.57,7.0,2026-05-23 06:20:00,2026-05-23 22:20:24.101579,N
TRIP-000741,LOAD-00741,DRV-01,TRK-01,282,53.71,5.25,2026-05-29 05:15:00,2026-05-29 10:46:02.039355,Y
TRIP-000742,LOAD-00742,DRV-01,TRK-01,838,161.78,5.18,2026-05-30 08:05:00,2026-05-31 02:15:31.463827,Y
TRIP-000743,LOAD-00743,DRV-01,TRK-01,823,155.28,5.3,2026-05-28 05:30:00,2026-05-28 21:07:11.241942,Y
TRIP-000744,LOAD-00744,DRV-01,TRK-01,844,162.31,5.2,2026-05-30 07:05:00,2026-05-31 00:24:54.103201,Y
TRIP-000745,LOAD-00745,DRV-02,TRK-02,824,113.81,7.24,2026-05-26 07:50:00,2026-05-27 00:41:31.468831,Y
TRIP-000746,LOAD-00746,DRV-02,TRK-02,842,118.26,7.12,2026-05-28 05:20:00,2026-05-28 23:02:06.288408,Y
TRIP-000747,LOAD-00747,DRV-02,TRK-02,800,110.96,7.21,2026-06-01 04:20:00,2026-06-01 20:06:04.808678,Y
TRIP-000748,LOAD-00748,DRV-02,TRK-02,833,120.9,6.89,2026-06-02 05:50:00,2026-06-02 23:48:39.757458,Y
TRIP-000749,LOAD-00749,DRV-01,TRK-01,813,152.53,5.33,2026-06-02 07:40:00,2026-06-02 23:31:25.271128,Y
TRIP-000750,LOAD-00750,DRV-01,TRK-01,807,164.02,4.92,2026-06-04 06:10:00,2026-06-04 21:46:04.606787,Y
TRIP-000751,LOAD-00751,DRV-01,TRK-01,818,156.41,5.23,2026-06-06 04:15:00,2026-06-06 20:07:18.408865,Y
TRIP-000752,LOAD-00752,DRV-01,TRK-01,338,67.2,5.03,2026-06-07 06:30:00,2026-06-07 13:04:38.878553,Y
TRIP-000753,LOAD-00753,DRV-02,TRK-02,808,112.22,7.2,2026-06-07 05:15:00,2026-06-07 20:37:23.986567,Y
TRIP-000754,LOAD-00754,DRV-02,TRK-02,783,107.7,7.27,2026-06-04 05:45:00,2026-06-04 20:20:10.423689,Y
TRIP-000755,LOAD-00755,DRV-02,TRK-02,854,126.89,6.73,2026-06-05 05:20:00,2026-06-05 21:53:23.392508,Y
TRIP-000756,LOAD-00756,DRV-01,TRK-01,794,147.04,5.4,2026-06-09 06:10:00,2026-06-09 22:10:56.519157,N
TRIP-000757,LOAD-00757,DRV-01,TRK-01,801,148.88,5.38,2026-06-12 06:20:00,2026-06-12 22:58:26.072755,Y
TRIP-000758,LOAD-00758,DRV-01,TRK-01,317,60.38,5.25,2026-06-13 08:15:00,2026-06-13 14:29:19.418019,Y
TRIP-000759,LOAD-00759,DRV-01,TRK-01,283,52.9,5.35,2026-06-09 04:20:00,2026-06-09 09:58:21.206794,Y
TRIP-000760,LOAD-00760,DRV-01,TRK-01,827,156.63,5.28,2026-06-11 06:45:00,2026-06-11 23:16:19.447928,Y
TRIP-000761,LOAD-00761,DRV-02,TRK-02,812,111.54,7.28,2026-06-11 06:50:00,2026-06-11 22:00:29.253551,N
TRIP-000762,LOAD-00762,DRV-02,TRK-02,779,106.13,7.34,2026-06-15 04:50:00,2026-06-15 20:51:16.536531,Y
TRIP-000763,LOAD-00763,DRV-02,TRK-02,326,45.85,7.11,2026-06-17 05:15:00,2026-06-17 11:47:26.021116,Y
TRIP-000764,LOAD-00764,DRV-02,TRK-02,787,109.31,7.2,2026-06-12 06:15:00,2026-06-12 21:36:20.008280,Y
TRIP-000765,LOAD-00765,DRV-02,TRK-02,840,125.19,6.71,2026-06-14 07:30:00,2026-06-15 00:52:54.384838,Y
TRIP-000766,LOAD-00766,DRV-01,TRK-01,283,51.93,5.45,2026-06-22 07:00:00,2026-06-22 12:15:45.039643,Y
TRIP-000767,LOAD-00767,DRV-01,TRK-01,807,159.49,5.06,2026-06-24 08:15:00,2026-06-25 00:29:35.549523,Y
TRIP-000768,LOAD-00768,DRV-01,TRK-01,805,158.46,5.08,2026-06-17 04:50:00,2026-06-17 20:38:03.096043,N
TRIP-000769,LOAD-00769,DRV-01,TRK-01,324,65.85,4.92,2026-06-18 06:15:00,2026-06-18 12:59:39.553347,Y
TRIP-000770,LOAD-00770,DRV-01,TRK-01,773,149.52,5.17,2026-06-17 06:40:00,2026-06-17 22:43:46.547649,Y
TRIP-000771,LOAD-00771,DRV-01,TRK-01,812,165.38,4.91,2026-06-18 05:10:00,2026-06-18 21:24:38.215238,Y
TRIP-000772,LOAD-00772,DRV-02,TRK-02,271,39.68,6.83,2026-06-19 07:00:00,2026-06-19 12:23:42.210592,Y
TRIP-000773,LOAD-00773,DRV-02,TRK-02,827,116.48,7.1,2026-06-20 08:45:00,2026-06-21 02:14:23.237583,Y
TRIP-000774,LOAD-00774,DRV-02,TRK-02,262,37.97,6.9,2026-06-22 07:30:00,2026-06-22 12:23:08.597569,Y
TRIP-000775,LOAD-00775,DRV-02,TRK-02,823,117.74,6.99,2026-06-23 08:10:00,2026-06-24 01:30:43.038186,Y
TRIP-000776,LOAD-00776,DRV-02,TRK-02,797,115.17,6.92,2026-06-22 06:20:00,2026-06-22 21:21:57.523808,Y
TRIP-000777,LOAD-00777,DRV-01,TRK-01,825,156.84,5.26,2026-06-26 04:20:00,2026-06-26 20:16:03.893568,N
TRIP-000778,LOAD-00778,DRV-01,TRK-01,318,63.73,4.99,2026-06-27 07:50:00,2026-06-27 14:16:52.893529,Y
TRIP-000779,LOAD-00779,DRV-01,TRK-01,783,145.27,5.39,2026-06-25 07:30:00,2026-06-25 23:19:35.608015,Y
TRIP-000780,LOAD-00780,DRV-01,TRK-01,847,163.51,5.18,2026-06-27 06:20:00,2026-06-28 00:37:28.977451,Y
TRIP-000781,LOAD-00781,DRV-02,TRK-02,258,35.29,7.31,2026-06-25 07:15:00,2026-06-25 12:35:53.881295,Y
TRIP-000782,LOAD-00782,DRV-02,TRK-02,806,114.65,7.03,2026-06-26 07:15:00,2026-06-27 00:23:15.406599,N
TRIP-000783,LOAD-00783,DRV-02,TRK-02,818,118.9,6.88,2026-06-28 07:10:00,2026-06-28 22:29:56.394263,N
TRIP-000784,LOAD-00784,DRV-02,TRK-02,301,42.88,7.02,2026-06-30 07:15:00,2026-06-30 13:07:06.580223,Y
TRIP-000785,LOAD-00785,DRV-02,TRK-02,816,119.12,6.85,2026-07-01 07:15:00,2026-07-01 23:47:57.058666,Y
TRIP-000786,LOAD-00786,DRV-02,TRK-02,842,118.09,7.13,2026-07-02 08:05:00,2026-07-03 01:23:59.362220,Y
TRIP-000787,LOAD-00787,DRV-02,TRK-02,775,107.49,7.21,2026-07-01 04:10:00,2026-07-01 20:07:41.486607,Y
TRIP-000788,LOAD-00788,DRV-02,TRK-02,786,108.12,7.27,2026-07-01 04:10:00,2026-07-01 19:58:19.876178,Y
TRIP-000789,LOAD-00789,DRV-02,TRK-02,849,116.94,7.26,2026-07-02 06:00:00,2026-07-02 23:42:17.586115,Y
